target,strategy,model,fold,site,n_test,y_test_mean,r2,mae,rmse,alpha
salinity,leave_one_site_out,RF,0,Boergerende Strand,87,14.851311642167609,0.8913443277157228,0.6049838931718126,0.9315609564087516,
salinity,leave_one_site_out,RF,1,Diedrichshagen,84,14.659828770429034,0.8838394838239161,0.7137261152575686,0.9839297511328116,
salinity,leave_one_site_out,RF,2,Elmenhorst Strand,82,14.679070517636214,0.8870654537510628,0.6717147537270715,0.9784804550039822,
salinity,leave_one_site_out,RF,3,Jemnitzschleuse,88,14.607041970650226,0.8644665094736959,0.6351870800568465,1.0413461626687144,
salinity,leave_one_site_out,RF,4,Mittelmole Warnemuende,88,14.64382460367596,0.5889521896723557,1.0693329120221748,1.6550038024374147,
salinity,leave_one_site_out,RF,5,Muehlendamm,90,0.4467975949866631,-380.0342216700844,4.378923736639292,5.163686557384545,
salinity,leave_one_site_out,RF,6,Neptun-Werft,89,13.485563526465244,0.9165428028082804,0.7341868308854094,0.9490922627177226,
salinity,leave_one_site_out,RF,7,Parkplatz zur Warnow,88,11.440449833466598,0.957208528943435,0.7267646650396888,0.9464732335172668,
salinity,leave_one_site_out,RF,8,SAB Marina Bramow,90,11.677599042065673,0.9012580035694324,0.9315435094208092,1.4891921854375572,
salinity,leave_one_site_out,RF,9,Schmarl-Dorf / IGA-Park,87,12.151398944163088,0.9255883965153174,0.7774869402751835,1.1931064386916028,
salinity,leave_one_site_out,RF,10,Schwimmhalle Gehlsdorf,86,10.855659970554058,0.9656690889731232,0.7037375397073862,0.890186540704487,
salinity,leave_one_site_out,RF,11,Stadthafen Rostock,89,9.051682636266664,0.8771697098335349,1.4255410916826676,1.934011027835876,
salinity,leave_one_site_out,RF,12,Steilkueste Nienhagen,85,14.697878380619654,0.9093718507205024,0.5957850025423685,0.86108058704934,
salinity,leave_one_site_out,RF,13,Warnemuende Strand,84,14.845406822873215,0.9126553320727248,0.6211503474202903,0.8460462414540226,
salinity,leave_one_site_out,XGBoost,0,Boergerende Strand,87,14.851311642167609,0.9386363516808324,0.5404135540421982,0.7000687028745364,
salinity,leave_one_site_out,XGBoost,1,Diedrichshagen,84,14.659828770429034,0.901261548996106,0.696551279287898,0.9071476520612216,
salinity,leave_one_site_out,XGBoost,2,Elmenhorst Strand,82,14.679070517636214,0.9315800361156608,0.5733109616736166,0.7616056720248551,
salinity,leave_one_site_out,XGBoost,3,Jemnitzschleuse,88,14.607041970650226,0.8333773982997836,0.6946926671855589,1.1546191734748796,
salinity,leave_one_site_out,XGBoost,4,Mittelmole Warnemuende,88,14.64382460367596,0.6289531258903307,0.9302539334411098,1.5724151336254188,
salinity,leave_one_site_out,XGBoost,5,Muehlendamm,90,0.4467975949866631,-370.26578081530295,4.319511632511708,5.097066997952535,
salinity,leave_one_site_out,XGBoost,6,Neptun-Werft,89,13.485563526465244,0.9159033066866856,0.7340466331180522,0.952721563688952,
salinity,leave_one_site_out,XGBoost,7,Parkplatz zur Warnow,88,11.440449833466598,0.9500054848369353,0.7935263082372309,1.023035981615724,
salinity,leave_one_site_out,XGBoost,8,SAB Marina Bramow,90,11.677599042065673,0.8987091805284986,0.9925475943353012,1.5082899560857552,
salinity,leave_one_site_out,XGBoost,9,Schmarl-Dorf / IGA-Park,87,12.151398944163088,0.926347562378385,0.8115543588736576,1.1870046500637168,
salinity,leave_one_site_out,XGBoost,10,Schwimmhalle Gehlsdorf,86,10.855659970554058,0.9646221762587188,0.6948984825939907,0.9036576227511316,
salinity,leave_one_site_out,XGBoost,11,Stadthafen Rostock,89,9.051682636266664,0.9114967254183552,1.234231252172881,1.641670057247943,
salinity,leave_one_site_out,XGBoost,12,Steilkueste Nienhagen,85,14.697878380619654,0.9270413223664712,0.6165512517474555,0.77259291201715,
salinity,leave_one_site_out,XGBoost,13,Warnemuende Strand,84,14.845406822873215,0.922646254227633,0.5854349729412297,0.7961897382320133,
salinity,leave_one_site_out,TabPFN,0,Boergerende Strand,87,14.851311642167609,0.9695690134309082,0.3576146345135955,0.4929956561249236,
salinity,leave_one_site_out,TabPFN,1,Diedrichshagen,84,14.659828770429034,0.9706222498625292,0.3293708882653987,0.4948164080311631,
salinity,leave_one_site_out,TabPFN,2,Elmenhorst Strand,82,14.679070517636214,0.969087725260596,0.374180542905455,0.5119225161812009,
salinity,leave_one_site_out,TabPFN,3,Jemnitzschleuse,88,14.607041970650226,0.9113414816479914,0.4263917708978008,0.8422325931194228,
salinity,leave_one_site_out,TabPFN,4,Mittelmole Warnemuende,88,14.64382460367596,0.6903219377755361,0.668312769323691,1.4365079928580906,
salinity,leave_one_site_out,TabPFN,5,Muehlendamm,90,0.4467975949866631,-128.29906536992013,2.7542155422479184,3.0079843591118918,
salinity,leave_one_site_out,TabPFN,6,Neptun-Werft,89,13.485563526465244,0.953811587841543,0.5220629609256586,0.7060623462093771,
salinity,leave_one_site_out,TabPFN,7,Parkplatz zur Warnow,88,11.440449833466598,0.9733547941108844,0.5369932142419227,0.7468601171264277,
salinity,leave_one_site_out,TabPFN,8,SAB Marina Bramow,90,11.677599042065673,0.9160527493162424,0.7578189539527466,1.3731027449530822,
salinity,leave_one_site_out,TabPFN,9,Schmarl-Dorf / IGA-Park,87,12.151398944163088,0.9496426414512265,0.5456810967094211,0.9815000556740434,
salinity,leave_one_site_out,TabPFN,10,Schwimmhalle Gehlsdorf,86,10.855659970554058,0.9783687773125458,0.5223301592779245,0.7066085589466259,
salinity,leave_one_site_out,TabPFN,11,Stadthafen Rostock,89,9.051682636266664,0.9420117530486364,0.9241650370035854,1.328850723205479,
salinity,leave_one_site_out,TabPFN,12,Steilkueste Nienhagen,85,14.697878380619654,0.9719403279019444,0.3525689429688464,0.4791301919203242,
salinity,leave_one_site_out,TabPFN,13,Warnemuende Strand,84,14.845406822873215,0.9650160837721312,0.3623096881468309,0.5354391389927213,
temperature,random_kfold,RF,0,fold0,245,11.13303542581306,0.9632968528138148,0.8008072099113909,1.200176514423347,
temperature,random_kfold,RF,1,fold1,245,11.039185877344355,0.97331306393251,0.7759038298523782,1.0550182844357816,
temperature,random_kfold,RF,2,fold2,245,11.373546513124646,0.9748189797253431,0.7740994813084192,1.033939033503282,
temperature,random_kfold,RF,3,fold3,244,10.369662517476298,0.9580469339319628,0.8990535903833677,1.2481602464480597,
temperature,random_kfold,RF,4,fold4,244,10.73475021450601,0.9607096151086256,0.8184999439321753,1.2056133154505315,
temperature,random_kfold,XGBoost,0,fold0,245,11.13303542581306,0.9648406748380092,0.7999360416349188,1.174664210064719,
temperature,random_kfold,XGBoost,1,fold1,245,11.039185877344355,0.9753301461845378,0.7686545933872905,1.0143642083951654,
temperature,random_kfold,XGBoost,2,fold2,245,11.373546513124646,0.973179941006203,0.8191277821559243,1.0670582656021907,
temperature,random_kfold,XGBoost,3,fold3,244,10.369662517476298,0.9613042613250284,0.8887397788492375,1.1987263833744417,
temperature,random_kfold,XGBoost,4,fold4,244,10.73475021450601,0.9679061818396736,0.795346810746816,1.0896213096638336,
temperature,random_kfold,TabPFN,0,fold0,245,11.13303542581306,0.9867310438398824,0.5481418453002992,0.7216254660620326,
temperature,random_kfold,TabPFN,1,fold1,245,11.039185877344355,0.9860887785706411,0.5640522607883409,0.7617163199472455,
temperature,random_kfold,TabPFN,2,fold2,245,11.373546513124646,0.9839793376086,0.5978460375276694,0.8247047655057556,
temperature,random_kfold,TabPFN,3,fold3,244,10.369662517476298,0.9846750014549692,0.5788655692621871,0.7543774784591338,
temperature,random_kfold,TabPFN,4,fold4,244,10.73475021450601,0.984706308177681,0.5385020240123506,0.7521787530045726,
salinity,leave_one_site_out,Lasso,0,Boergerende Strand,87,14.851311642167609,0.5718225824617404,1.3160753217605354,1.849255656114225,8.124149042362118
salinity,leave_one_site_out,Lasso,1,Diedrichshagen,84,14.659828770429034,0.1372954194799546,1.7112077149878009,2.6814263814539054,14.227567377119788
salinity,leave_one_site_out,Lasso,2,Elmenhorst Strand,82,14.679070517636214,0.46638171642078796,1.5639637841842005,2.1269344239182475,10.73156377030932
salinity,leave_one_site_out,Lasso,3,Jemnitzschleuse,88,14.607041970650226,0.4716330158633204,1.5046376552299372,2.0560782807513847,9.362530599234658
salinity,leave_one_site_out,Lasso,4,Mittelmole Warnemuende,88,14.643824603675961,0.47952427203851644,1.3730821960575785,1.8623146815742195,6.201162624029636
salinity,leave_one_site_out,Lasso,5,Muehlendamm,90,0.4467975949866631,-802.082203316391,5.686196271888511,7.496488546528767,6.731771888652017
salinity,leave_one_site_out,Lasso,6,Neptun-Werft,89,13.485563526465244,0.4060072062092931,1.5354716414287068,2.5320199508389867,5.8005753995141225
salinity,leave_one_site_out,Lasso,7,Parkplatz zur Warnow,88,11.440449833466598,0.7462626888209374,1.710622281276739,2.304739764427761,5.30319381333545
salinity,leave_one_site_out,Lasso,8,SAB Marina Bramow,90,11.677599042065673,0.7147966973684834,1.8636911791113568,2.53091215650552,6.562355439616651
salinity,leave_one_site_out,Lasso,9,Schmarl-Dorf / IGA-Park,87,12.151398944163088,0.7766504982339524,1.4798769128002733,2.067051760554504,6.602684508777228
salinity,leave_one_site_out,Lasso,10,Schwimmhalle Gehlsdorf,86,10.855659970554058,0.6993814387810305,1.9379118141689262,2.6341848970986814,5.27011625350732
salinity,leave_one_site_out,Lasso,11,Stadthafen Rostock,89,9.051682636266664,0.5965418329891058,2.5433645726512704,3.5051407572499227,5.81258046491403
salinity,leave_one_site_out,Lasso,12,Steilkueste Nienhagen,85,14.697878380619654,0.5113094474268602,1.57817231905016,1.9995359380298487,14.221989044014228
salinity,leave_one_site_out,Lasso,13,Warnemuende Strand,84,14.845406822873217,-0.17389548972948865,1.7436450201312694,3.101634497774205,14.17443963139849
temperature,random_kfold,Lasso,0,fold0,245,11.13303542581306,0.7220670769988569,2.5190381937944077,3.30265697562174,20.38248583941255
temperature,random_kfold,Lasso,1,fold1,245,11.039185877344355,0.7050152110831925,2.621380486303696,3.5076030557498057,10.340685984154481
temperature,random_kfold,Lasso,2,fold2,245,11.373546513124646,0.7415852131214695,2.597176153127129,3.3122030319036257,8.441010346449636
temperature,random_kfold,Lasso,3,fold3,244,10.369662517476298,0.5736089115679337,2.6453837365858472,3.979170543466173,8.709362090375723
temperature,random_kfold,Lasso,4,fold4,244,10.73475021450601,0.5690641013460787,2.505913147938603,3.992741845009635,7.966168664498535
