regime,split_seed,target,horizon_k,n_train,n_test,r2,mae,per_r2,per_mae,var_test
temporal,0,temperature,1,825,373,0.13529686307183963,1.7969877321708618,0.7831327113903802,0.8107442359249329,5.169250460571412
temporal,0,temperature,2,811,357,-0.1655189141565887,2.1095874345560364,0.6922797425803795,1.0353210084033613,5.278320574896468
temporal,0,temperature,3,792,341,-0.006823756157955385,1.9706885699610555,0.5546790829313187,1.219506158357771,5.199700571228834
temporal,0,salinity,1,818,374,0.49630243377686856,2.44605075434899,0.5167712786202683,2.2847681818181815,20.61413681814407
temporal,0,salinity,2,804,358,0.43099899151416543,2.5852473817552934,0.4292145922269771,2.406696648044693,20.04963724905847
temporal,0,salinity,3,785,342,0.5273879544994642,2.3447135824805114,0.5102714979862422,2.247474269005848,20.314371999717608
temporal,0,Chl_a_log1p,1,983,391,0.5391615445637259,0.45663846824055954,0.5272834439508345,0.44980013955136294,0.831251181462894
temporal,0,Chl_a_log1p,2,960,378,0.4651581960698533,0.5076728390043446,0.5315167582163431,0.4534976946411104,0.8551092656524003
temporal,0,Chl_a_log1p,3,937,365,0.48671729444057643,0.49544024066734527,0.46226276805494126,0.48923481155415105,0.856675538780045
temporal,0,Caffeine,1,953,272,0.12347537802305131,13.167242633595187,-0.23897703369112588,13.295955882352942,369.37419117647056
temporal,0,Caffeine,2,930,250,0.22821662343989113,12.291037781524658,-1.1356493134662595,15.550399999999998,381.34384464000004
temporal,0,Caffeine,3,907,222,0.13484524663092035,13.347328199781812,-0.9595138881251335,14.835135135135136,400.95608087817544
temporal,0,Metoprolol,1,953,276,0.021323508802473135,12.328848538191423,-0.003910287879165919,9.769202898550724,835.5901743331233
temporal,0,Metoprolol,2,930,252,0.0749804602968509,11.98558525944513,0.039196751313052225,11.300396825396826,846.8284396258504
temporal,0,Metoprolol,3,907,224,0.03295269816454427,13.260683538977588,0.3455639618973019,10.705803571428573,979.2536575255102
temporal,0,Atrazine,1,951,272,0.004299681264162247,0.10104084404422739,-1.1241376725949137,0.15955882352941175,0.2741250810986159
temporal,0,Atrazine,2,928,250,0.007235899535985579,0.10914732107559685,-0.442983990913689,0.12,0.29766096000000003
temporal,0,Atrazine,3,905,222,0.009090763393737378,0.12156911182237227,-0.6914384112236518,0.13468468468468467,0.28775018261504753
random_dates,0,temperature,1,622,133,0.9453924796973278,1.3653008020867856,0.9655694182924733,0.9507389527668263,51.01671432572539
random_dates,0,temperature,2,499,63,0.8774123335951092,0.8929751709150888,0.7169410582625195,1.4799079365079366,9.779791542539678
random_dates,0,temperature,3,573,54,0.9352081784189449,1.4939131878746879,0.9044596058331403,2.045851851851852,55.53272780555557
random_dates,0,salinity,1,603,90,0.8245100795842393,1.646506995042421,0.825555841762685,1.8875778324663088,29.585633613210387
random_dates,0,salinity,2,599,84,0.7406728037086936,2.239578683379718,0.7738092753193431,2.0158154761904763,36.20740399192177
random_dates,0,salinity,3,578,68,0.8904842218068401,1.5096662223984212,0.8491266094759056,1.6206558823529413,37.64609937846021
random_dates,0,Chl_a_log1p,1,673,163,0.6032804877523161,0.41117621878914246,0.29354391680765757,0.499997559341389,0.7164888589610932
random_dates,0,Chl_a_log1p,2,690,125,0.5134719474788552,0.4295790367268439,0.3228057603045751,0.5150839680585212,0.6893032130311384
random_dates,0,Chl_a_log1p,3,640,58,0.6629549972230274,0.3912383868603152,0.45143921073897864,0.5373545863469675,0.947731342482057
random_dates,0,Caffeine,1,621,133,0.638057229222452,12.17977991892879,0.4430316729284357,10.284962406015037,824.5502006896942
random_dates,0,Caffeine,2,578,96,0.18983806703222805,10.713154564301172,-4.625898543155477,20.535416666666666,315.9044259982639
random_dates,0,Caffeine,3,673,105,0.29124450181618,20.579072340102428,0.022981453946256836,24.291428571428572,3505.36836643991
random_dates,0,Metoprolol,1,564,138,0.2686635592953326,26.230271476636766,0.36559742807658724,23.388405797101452,3858.2747432262136
random_dates,0,Metoprolol,2,610,106,0.2729578135826103,16.879142318694097,0.33976892500194167,15.184905660377357,2685.1645185119264
random_dates,0,Metoprolol,3,585,107,-0.4474841784786381,14.237320896509653,-1.379296674162271,15.04392523364486,391.44533321687493
random_dates,0,Atrazine,1,632,108,-0.04787372274292845,0.07238870348540971,-4.878828056786214,0.16944444444444443,0.10604595336076812
random_dates,0,Atrazine,2,662,95,0.06073847373258945,0.13320495832343832,-1.0427386475467468,0.16,0.29949473684210504
random_dates,0,Atrazine,3,580,113,0.018741643628791826,0.2809346577308174,-0.3193750184862021,0.34247787610619473,0.9531866238546479
random_dates,1,temperature,1,625,89,0.9248642089291823,1.163383501599076,0.9533190425212404,0.9943750855687271,31.737059228680398
random_dates,1,temperature,2,549,49,0.9758010964387982,0.6708429577574441,0.9628455765685884,0.8405612244897959,29.10071355755102
random_dates,1,temperature,3,516,41,0.9475656610324026,1.0316951838981814,0.8202817517103979,2.1261414634146347,30.284524905734674
random_dates,1,salinity,1,660,110,0.8383388628101869,1.7835160604580966,0.7824499898481482,1.947304545454546,35.19743496395372
random_dates,1,salinity,2,647,60,0.8663258665415481,1.7091749241224925,0.8682249913216641,1.5467950000000006,30.948869853275003
random_dates,1,salinity,3,602,95,0.7252469659447489,2.109051556802231,0.8228439977659858,1.5537536541459818,26.230715720379372
random_dates,1,Chl_a_log1p,1,680,127,0.5683928538060398,0.4249028527219463,0.5772088654245153,0.45400171796196076,1.0886707347926725
random_dates,1,Chl_a_log1p,2,654,85,0.7544151774442743,0.33492297710358176,0.6350850578179925,0.4341682345049538,0.9168388157427391
random_dates,1,Chl_a_log1p,3,663,139,0.6293699938568136,0.44220340397178504,0.4302164539690507,0.5743725117072909,1.0705134656356916
random_dates,1,Caffeine,1,638,95,-4.391001663375074,34.51166614532471,-0.2803517870728198,16.507368421052636,576.2687601108033
random_dates,1,Caffeine,2,641,94,0.4096787514293273,22.070682355190847,0.4470434363120497,18.694680851063833,2749.95417836125
random_dates,1,Caffeine,3,547,56,0.1579258460465215,20.14911126749856,0.06396613268183171,22.27857142857143,2175.5584917091837
random_dates,1,Metoprolol,1,613,75,0.14089954351567047,14.882985943158468,-1.481629243236596,16.929333333333332,702.395064888889
random_dates,1,Metoprolol,2,542,82,0.14921064309081233,14.758114389966172,-0.011133123142394341,14.497560975609755,1079.7256231409874
random_dates,1,Metoprolol,3,569,127,0.22589949321955116,12.798449742324708,-1.3789147317460517,12.412598425196851,624.7060896521793
random_dates,1,Atrazine,1,608,93,0.1484439006521282,0.3248886244242209,0.018012836761730933,0.27419354838709675,0.9669880911087988
random_dates,1,Atrazine,2,637,116,0.20412873187391334,0.216878227571453,-0.2745409462220816,0.22413793103448276,0.6270005945303206
random_dates,2,temperature,1,674,102,0.6175117383410551,1.7618150654640852,0.9205749956254914,0.6658517903491833,11.833119246749002
random_dates,2,temperature,2,522,99,0.91530882860816,1.0082403203251384,0.8518364335261909,1.4460414141414144,25.518019265591267
random_dates,2,temperature,3,544,96,0.9523811859972096,1.3014619568188985,0.8921916229334883,2.245052083333333,65.91243161805556
random_dates,2,salinity,1,592,144,0.5924609704743143,2.402354538865553,0.7475139325383904,1.8167395833333333,23.332038954953223
random_dates,2,salinity,2,531,84,0.8199713467224892,1.6943643360875902,0.764591447927538,1.7048452380952384,22.763127835034012
random_dates,2,salinity,3,547,51,0.6898557375809728,2.180155340226491,0.5802614043987404,2.5994156862745097,24.47634485222607
random_dates,2,Chl_a_log1p,1,653,109,0.45691985699257287,0.478957663336698,-0.08054080764441318,0.6924358271347972,0.8528614882099881
random_dates,2,Chl_a_log1p,2,678,151,0.525686579548547,0.4400016465870037,0.38298535402920575,0.5210269230296197,0.7769154867783701
random_dates,2,Chl_a_log1p,3,652,102,0.5714624641035815,0.37489734262954877,0.3460821638547198,0.5010277918029914,0.7390017105123586
random_dates,2,Caffeine,1,582,78,0.12292654025741578,10.016300702706362,0.10399025079353674,8.078205128205127,260.1226561472716
random_dates,2,Caffeine,2,639,105,0.3882881807655201,15.015480849856422,-0.6421064483276535,22.432380952380953,967.9234467120183
random_dates,2,Caffeine,3,613,110,0.12484674855398747,19.974410889365455,0.08367563914322607,24.680909090909086,2535.443292561984
random_dates,2,Metoprolol,1,667,112,0.39788591163984355,13.91606819470014,0.42280335460110496,11.610714285714286,925.8564724170919
random_dates,2,Metoprolol,2,647,105,0.21441922270927039,19.282908348355978,-0.31193182768273253,23.084761904761905,1470.7434503401362
random_dates,2,Metoprolol,3,537,104,0.23712593005996863,17.697323458355207,-0.3184002893915794,15.302884615384615,1423.6356360946747
random_dates,2,Atrazine,1,664,95,-0.012667795366027024,0.11195572622491073,-0.8305819809737005,0.15157894736842106,0.30096842105263133
random_dates,2,Atrazine,2,548,90,-0.0335867994141108,0.11588048552240554,-0.022262607905497056,0.08555555555555555,0.3287913580246915
random_dates,2,Atrazine,3,612,153,0.15081150684847644,0.3129315330439971,-0.24180871739857324,0.33986928104575165,0.9811747618437354
random_dates,3,temperature,1,549,92,0.9412423009890178,1.3152982368042316,0.9623688167890022,1.0916470930043478,44.24919701473388
random_dates,3,temperature,2,555,151,0.9576033410213565,0.998416314848843,0.9533559204572453,1.0527225165562912,39.366697904875224
random_dates,3,temperature,3,538,81,0.9262994788177151,1.2889067949177306,0.8171049923587161,2.0780197530864206,33.977867107154395
random_dates,3,salinity,1,623,168,0.7357079085380356,1.74572846254678,0.71013286852905,1.7861297619047618,21.52385513668332
random_dates,3,salinity,2,547,75,0.7329769752520368,1.9810374969711306,0.6021984905729694,2.306909333333334,25.808399572576004
random_dates,3,salinity,3,563,116,0.6562612189681217,2.338169592082409,0.6660471140677398,2.327731009860934,26.55114061717162
random_dates,3,Chl_a_log1p,1,635,88,0.5871961066936888,0.4186350878779493,0.5598202962940175,0.4192732357235586,0.719927773814083
random_dates,3,Chl_a_log1p,2,652,134,0.6254867630104046,0.36698056672785584,0.3312568555847317,0.48147731340417,0.651918239677949
random_dates,3,Chl_a_log1p,3,630,103,0.668698466708202,0.4147323294132272,0.37170703776682534,0.5689044490183771,1.0851031655020595
random_dates,3,Caffeine,1,635,99,0.1983940622267033,11.355407863193092,0.342841094994639,9.425252525252525,457.18797877767565
random_dates,3,Caffeine,2,572,121,0.5163535541144961,14.837129709543275,0.302215232616455,17.925619834710748,1123.5224615804932
random_dates,3,Caffeine,3,620,80,0.32224197587105385,13.28166021823883,-0.0362872363570419,17.05375,709.30949375
random_dates,3,Metoprolol,1,676,143,0.35371141658446303,16.14232200569623,-0.024826179133434767,17.708391608391608,1752.8002611374648
random_dates,3,Metoprolol,2,581,102,0.21943190385586508,15.795321995721144,0.20353305862961268,14.904901960784313,1516.4332112648976
random_dates,3,Metoprolol,3,586,77,0.26509659794871265,19.00937881005275,0.19615421232915675,20.875324675324674,3744.655058188566
random_dates,3,Atrazine,1,595,141,0.10254143503734026,0.2170489727805021,0.29725209804816377,0.14893617021276595,0.7296584678839092
random_dates,3,Atrazine,2,592,68,0.13709032764497286,0.2641217161973199,0.09857263027699537,0.16323529411764706,0.6504390138408304
random_dates,3,Atrazine,3,602,108,-0.028786238529554975,0.1679028823182172,-1.0521858999606142,0.2657407407407407,0.4701851851851852
random_dates,4,temperature,1,593,83,0.8873736576209655,1.0713544052445747,0.9199361914721921,0.9249457831325301,16.411978045922485
random_dates,4,temperature,2,564,135,0.9547676426034614,0.8590845852378562,0.934135433796145,1.0448140740740741,24.097660137456238
random_dates,4,temperature,3,593,79,0.9814477352344,0.8105701887879192,0.8956584726976017,2.0587759493670883,54.49030374644769
random_dates,4,salinity,1,520,81,0.6456520846555682,2.395025632715814,0.6364960234900715,2.3640765432098765,25.628862898512423
random_dates,4,salinity,2,519,101,0.49457187911568945,3.0077886250755133,0.572971732710398,2.476761569475748,33.229457194754886
random_dates,4,salinity,3,474,105,0.5940030196617281,2.5556500731940495,0.774338839330466,1.7279704761904762,25.553967629356915
random_dates,4,Chl_a_log1p,1,714,107,0.44965734548892233,0.4271738156373228,-0.017143573141559676,0.5667873697971576,0.6485023541176684
random_dates,4,Chl_a_log1p,2,732,151,0.723217995632983,0.3749975474277449,0.5183139232139347,0.5023212891332034,1.0282051907802245
random_dates,4,Chl_a_log1p,3,683,123,0.5815533541894485,0.410090709705392,0.33513774799617324,0.5427292116649373,0.8830782820727637
random_dates,4,Caffeine,1,594,84,-0.6230825393910673,17.986350177583244,-0.6347111551453504,18.33452380952381,520.7130045351474
random_dates,4,Caffeine,2,592,126,-0.016891590170545756,18.10658814188034,-0.22657753629907473,21.534920634920635,929.5461904761905
random_dates,4,Caffeine,3,660,91,-0.06426153333207085,24.921112008147187,-0.0910294107661267,20.916483516483513,1498.8226204564664
random_dates,4,Metoprolol,1,605,94,0.2862660020732605,13.052811611205973,0.025361666063639876,11.600000000000001,561.6254594839291
random_dates,4,Metoprolol,2,564,104,0.19184401948459728,21.17509520970858,0.4009332422552242,18.444230769230767,2147.1534726331365
random_dates,4,Metoprolol,3,582,101,0.21278838572100867,18.397242410466223,0.3507201699194141,19.451485148514852,2895.989124595627
random_dates,4,Atrazine,2,651,82,-0.11641029828131,0.4407020110907402,-0.24600815981102198,0.4670731707317073,1.3636719214753124
random_dates,4,Atrazine,3,559,119,-0.025392447491064285,0.1668041618795236,-0.7074565404013313,0.2176470588235294,0.5264599957630108
random_pairs,0,temperature,1,845,335,0.9790964494952525,0.6801898441695557,0.9558462688671128,0.9887185565967168,38.184936124811706
random_pairs,0,temperature,2,830,323,0.9787660990597882,0.7000467615073409,0.917369410061351,1.3999250055371517,39.461396756032656
random_pairs,0,temperature,3,817,316,0.9720193778942279,0.755736482436564,0.8874572830733416,1.7100970117214815,40.42392927805188
random_pairs,0,salinity,1,854,324,0.8436017105403619,1.5955173637850355,0.7197701470395728,2.0751319020507633,32.12503372646696
random_pairs,0,salinity,2,829,316,0.8458937709154444,1.5766877134826034,0.6674446826933909,2.204408301210709,30.549679819758417
random_pairs,0,salinity,3,821,296,0.8367019810340918,1.4993770594418503,0.612525108330257,2.2789475306168203,27.085200104312946
random_pairs,0,Chl_a_log1p,1,988,402,0.6182713088611299,0.39916333358807154,0.3993724706583054,0.49034927754029217,0.7879146355002569
random_pairs,0,Chl_a_log1p,2,964,398,0.6555875102941834,0.42843596235636866,0.37923844845122845,0.5580486276852996,0.9800321698949414
random_pairs,0,Chl_a_log1p,3,940,388,0.6512356470547043,0.41145938054492004,0.33734840045835024,0.5573686369256451,0.9287922137797576
random_pairs,0,Caffeine,1,880,356,0.4280657552991437,13.337029588892221,0.11922062670970823,16.977247191011234,1708.3055696092665
random_pairs,0,Caffeine,2,866,337,0.41478821850257663,14.33681936914914,0.18475783281616565,18.435905044510385,1860.847847564036
random_pairs,0,Caffeine,3,848,325,0.5543025988581927,13.660075999920185,-0.2906600548572529,21.437846153846152,1291.4959596686392
random_pairs,0,Metoprolol,1,878,362,0.37166615539960557,13.898667248807724,0.2182837061931523,14.819060773480663,1408.6659164860657
random_pairs,0,Metoprolol,2,878,335,0.32990282335154064,16.715466838665865,0.0699345848307944,19.853134328358205,2318.8333971931393
random_pairs,0,Metoprolol,3,858,311,0.28757173193225427,14.888190122758461,-0.0874142587887381,17.685209003215434,1757.94492075144
random_pairs,0,Atrazine,1,877,364,0.22354868005881623,0.18908981887390516,-0.2807828307026139,0.2008241758241758,0.5568580938292478
random_pairs,0,Atrazine,2,877,327,0.19232947734993766,0.18849869530121277,-0.5078081949623756,0.23853211009174313,0.5777063284983492
random_pairs,0,Atrazine,3,849,316,0.10654639780064157,0.17817385464963242,-0.7035197692172044,0.2474683544303797,0.5315502323345618
random_pairs,1,temperature,1,855,325,0.9743754299523676,0.7452349588753016,0.954467924135236,1.0437646019066666,39.939575088559664
random_pairs,1,temperature,2,840,314,0.9773152003454982,0.7108510266081057,0.9278471822367795,1.3232424231330149,39.914530740088885
random_pairs,1,temperature,3,829,309,0.9775853563352196,0.7058402209391499,0.8898198422588559,1.6725761606309757,39.04401125223863
random_pairs,1,salinity,1,856,320,0.8636333998600954,1.434407992451148,0.7324512359969304,1.9255279424042424,28.88166952036816
random_pairs,1,salinity,2,838,312,0.8466548384300089,1.5389546861012717,0.6680157926218546,2.16141598054686,29.69951576323996
random_pairs,1,salinity,3,837,285,0.8559086652229777,1.4962530720342593,0.622304194179812,2.408600839723059,28.219134473954142
random_pairs,1,Chl_a_log1p,1,982,410,0.685867011417828,0.38811778131988867,0.5528644655454811,0.4398483859084485,0.8934447641289058
random_pairs,1,Chl_a_log1p,2,963,396,0.6868449219617203,0.3801496323055607,0.4674419599573876,0.49031111510118175,0.8723721982248049
random_pairs,1,Chl_a_log1p,3,942,389,0.6286667889027355,0.38733371982666226,0.33493169636491504,0.5269093959435558,0.8250461799243544
random_pairs,1,Caffeine,1,885,355,0.513716685713737,13.512336596905346,-0.192042469539478,19.820845070422536,1451.4488065066455
random_pairs,1,Caffeine,2,870,340,0.5398628485435175,13.943874073309058,0.36053536228792327,18.266176470588235,1515.5081231833913
random_pairs,1,Caffeine,3,841,321,0.6078801737948644,11.362871621033856,-0.3344752388724872,18.40809968847352,958.2727652099651
random_pairs,1,Metoprolol,1,890,359,0.415526942967716,13.993230461277339,-0.13466025480601096,14.404456824512534,1101.5918901932791
random_pairs,1,Metoprolol,2,868,349,0.21464048502658584,16.52741781182822,-0.011352990597228496,18.46733524355301,1554.234418765035
random_pairs,1,Metoprolol,3,856,308,0.40522822408866,15.61975249044307,0.28588047653737403,18.00616883116883,2190.1254338842973
random_pairs,1,Atrazine,1,876,359,0.17258033277496754,0.20059362991076105,-0.2619535529496515,0.22785515320334265,0.6643544044506172
random_pairs,1,Atrazine,2,853,343,0.18146813413274743,0.17277688223351612,-0.30990250036443023,0.20087463556851315,0.5679322391180545
random_pairs,1,Atrazine,3,857,302,0.08004635587641296,0.2195682561968344,-0.32538152783423624,0.23708609271523176,0.6516679093022234
random_pairs,2,temperature,1,857,322,0.973731725735469,0.7604340815286746,0.958841826007386,1.0161030350903726,40.27016289882343
random_pairs,2,temperature,2,847,309,0.975708765650125,0.7180056637305725,0.9176639287154252,1.34868256853959,38.46689440976763
random_pairs,2,temperature,3,826,307,0.9730966262869757,0.7207682743398015,0.8631888173151219,1.7630894816003408,35.66415119695334
random_pairs,2,salinity,1,851,318,0.8610016063376619,1.4201651283213863,0.7011790242419045,1.9124278389368154,27.84728874564804
random_pairs,2,salinity,2,841,310,0.8511534715156083,1.4952637548669916,0.6944667722192603,2.0834281701706123,29.221916437068714
random_pairs,2,salinity,3,831,284,0.835513802486579,1.5638985005072141,0.6476606178823351,2.339597882259561,29.565206740695807
random_pairs,2,Chl_a_log1p,1,985,410,0.6548162283303177,0.3989281541895914,0.510010996494555,0.4585727681461775,0.8294280013517535
random_pairs,2,Chl_a_log1p,2,962,402,0.6560526229949537,0.3961961682850549,0.3426223971970609,0.5462318530981796,0.8990463992315979
random_pairs,2,Chl_a_log1p,3,945,383,0.6256436695567356,0.4051682671312413,0.32115921641649803,0.5427678334165926,0.8551622960465822
random_pairs,2,Caffeine,1,894,353,0.5767140188406026,13.248372423750146,0.22139087137992763,15.75127478753541,1275.0063905496393
random_pairs,2,Caffeine,2,876,331,0.4836685969858122,12.171130865218055,-0.4812634296761469,18.8226586102719,970.9537474101185
random_pairs,2,Caffeine,3,852,313,0.4287614012324702,13.009038889217683,-0.4290973059381791,21.884664536741212,1666.249016729782
random_pairs,2,Metoprolol,1,893,356,0.4450271902294356,13.791981757641508,-0.04870589385691049,14.98005617977528,1700.3853948365104
random_pairs,2,Metoprolol,2,867,341,0.3854205256883675,14.904187051711546,0.3393639574133671,15.147214076246332,1404.4914206104177
random_pairs,2,Metoprolol,3,857,317,0.3302036081231835,13.846270776988957,-0.04951051163736575,16.203785488958992,951.287213923912
random_pairs,2,Atrazine,1,878,366,0.21160460870351427,0.16810598881507918,-0.5129565778137395,0.21174863387978143,0.5126032428558629
random_pairs,2,Atrazine,2,865,343,0.19841136110727275,0.17458036738208904,-1.0344198487954896,0.2903790087463557,0.530663244056473
random_pairs,2,Atrazine,3,852,306,0.16296652365889552,0.14566891116866792,-0.8572706783644968,0.20555555555555555,0.3974663590926566
random_pairs,3,temperature,1,867,316,0.9748332143338944,0.728085256157494,0.9580643068264385,0.9933522137347199,38.7571512963406
random_pairs,3,temperature,2,841,316,0.9765085731305215,0.7164379256413835,0.9158992421656766,1.4327700798134644,41.15268569683927
random_pairs,3,temperature,3,828,306,0.9808851762240578,0.6842864986583975,0.8915030636208571,1.7413419911357844,41.761610063017265
random_pairs,3,salinity,1,855,312,0.8641840025765695,1.4590132518008179,0.7646307279228998,1.8500169023251316,29.82018423264757
random_pairs,3,salinity,2,848,299,0.8620263861091749,1.5930159351133215,0.7179522615076823,2.0696552136053192,33.91373942059629
random_pairs,3,salinity,3,827,294,0.8470894274246867,1.5470193813826332,0.6496168214846282,2.2431420596252893,28.025992856615982
random_pairs,3,Chl_a_log1p,1,982,407,0.624355243321508,0.4024354801203449,0.5191341763733053,0.44889891187457615,0.8484634880066076
random_pairs,3,Chl_a_log1p,2,962,395,0.663224690162483,0.4104407058953712,0.43328249072478786,0.5352217770157168,0.9644243881815848
random_pairs,3,Chl_a_log1p,3,944,382,0.6216072062466913,0.3976962535277525,0.36230543930266834,0.5061165848072863,0.8241475670345088
random_pairs,3,Caffeine,1,883,361,0.4879129712570067,14.26859542550803,0.1788320140001366,17.935180055401663,1967.8146909554102
random_pairs,3,Caffeine,2,872,336,0.5883289749765335,12.421455141192393,-0.5759166581792092,20.275,1107.8306714143991
random_pairs,3,Caffeine,3,841,315,0.5241036917212956,11.107012989710247,-0.9547891024440067,19.372380952380954,814.3635454774502
random_pairs,3,Metoprolol,1,883,361,0.25890187557274824,16.014485270077998,0.1421076396236084,15.65152354570637,2008.0003960988636
random_pairs,3,Metoprolol,2,876,341,0.26474238655809523,17.352754143605836,-0.12439219680237756,19.765395894428156,1910.4806723368392
random_pairs,3,Metoprolol,3,850,317,0.41616493752755856,15.13736076317375,0.5089050646817177,14.234069400630917,2002.1714884216185
random_pairs,3,Atrazine,1,886,353,0.20553659953491854,0.19775950763600142,-0.42814028825073014,0.23456090651558076,0.5978178141225754
random_pairs,3,Atrazine,2,866,337,0.1269102136155501,0.18404050565061797,-0.7728909313571442,0.2593471810089021,0.5323498489904814
random_pairs,3,Atrazine,3,841,324,0.037840027259100295,0.1796118013021273,-0.7172222296444977,0.25864197530864197,0.5632840839811005
random_pairs,4,temperature,1,854,327,0.9793044227104185,0.7236605530194625,0.95628118323931,1.0707835815525486,42.05287577925131
random_pairs,4,temperature,2,840,328,0.9758882588053216,0.6901422233376675,0.9177657722224253,1.3137700679770978,35.564398907110345
random_pairs,4,temperature,3,817,312,0.9786429910667601,0.6873490989304628,0.8884687952788434,1.73259838690406,41.10472028613411
random_pairs,4,salinity,1,846,336,0.8403892671536809,1.55366157554623,0.7195207909376338,1.9510807006336504,27.506614582368208
random_pairs,4,salinity,2,845,310,0.8402378927640711,1.6042479352177004,0.6728994048073345,2.1792255027598038,29.72541177825212
random_pairs,4,salinity,3,824,298,0.8561566502909328,1.471502357220726,0.6577882037112934,2.172771620734828,26.29499605225926
random_pairs,4,Chl_a_log1p,1,979,411,0.6043625137778021,0.4152052913616617,0.40244310095295266,0.5143085414306318,0.9218692700212726
random_pairs,4,Chl_a_log1p,2,961,400,0.6947877534383604,0.3884312402532963,0.38228214393149507,0.5403163724587724,0.9250039760707651
random_pairs,4,Chl_a_log1p,3,939,399,0.6528201904627197,0.3747835863133011,0.382038562946575,0.498385358549313,0.7682746758464133
random_pairs,4,Caffeine,1,895,347,0.6111842073284028,11.861216783386142,-0.21050900176567766,17.879250720461098,1189.0206989510752
random_pairs,4,Caffeine,2,866,345,0.35504245564737547,12.272074544326118,-0.13938838191031677,17.768695652173914,1416.9350240705735
random_pairs,4,Caffeine,3,842,327,0.5320139319989222,12.626566339195321,-0.15603416203882126,19.946788990825688,1116.6007599435138
random_pairs,4,Metoprolol,1,890,352,0.33963474009094075,15.627132603792813,0.17047313027119781,15.424999999999999,1923.5811773631199
random_pairs,4,Metoprolol,2,872,340,0.37788377939469386,15.938208099814025,0.30972637212169485,16.460588235294118,1984.5798279411765
random_pairs,4,Metoprolol,3,863,308,0.3314524441316169,15.28148068667619,0.12333255213244876,15.842207792207795,1671.702105224321
random_pairs,4,Atrazine,1,887,350,0.11370553124953586,0.1597366284780645,-0.19433799551105935,0.14914285714285716,0.4573962448979592
random_pairs,4,Atrazine,2,870,337,0.1654105154077914,0.17038582943072259,-0.6428160902403606,0.21186943620178042,0.4724824555996796
random_pairs,4,Atrazine,3,867,296,0.10706728652749409,0.17071465683746626,-1.1981667620239347,0.25709459459459455,0.43188629930606276
