target,input,strategy,fold,r2_raw_count,r2_raw_hellinger,n_train,n_test,seed
temperature,16S,random_kfold,0,0.7138336656914088,0.9739883729233872,978,245,42
temperature,16S,random_kfold,1,0.7482396462422725,0.9829256860316279,978,245,42
temperature,16S,random_kfold,2,0.7238031383941097,0.9793757670792694,978,245,42
temperature,16S,random_kfold,3,0.5697958143788036,0.9785455397184201,979,244,42
temperature,16S,random_kfold,4,0.6191287292336922,0.9768870081620203,979,244,42
temperature,16S,temporal_holdout,0,-8.33203329277017,-0.11672827038108102,978,245,42
temperature,16S,temporal_blocked_kfold,0,-10.44262260869855,-0.05358945932739423,978,245,42
temperature,16S,temporal_blocked_kfold,1,-6.4183619520987,0.605443445781561,978,245,42
temperature,16S,temporal_blocked_kfold,2,0.0999731553651454,0.6455666832875531,978,245,42
temperature,16S,temporal_blocked_kfold,3,-18.62635178505861,-0.6274110750912991,979,244,42
temperature,16S,temporal_blocked_kfold,4,-6.214007812260186,-0.11461184123793222,979,244,42
temperature,16S,leave_one_site_out,0,0.7043557841011313,0.9711206279038646,1136,87,42
temperature,16S,leave_one_site_out,1,0.6432298716992574,0.9745328507683124,1139,84,42
temperature,16S,leave_one_site_out,2,0.7130521103762353,0.9794084521035867,1141,82,42
temperature,16S,leave_one_site_out,3,0.6857553509389187,0.9691591874045005,1135,88,42
temperature,16S,leave_one_site_out,4,0.38427646214766065,0.968596726758127,1134,89,42
temperature,16S,leave_one_site_out,5,-0.888616056903863,0.6111354691696179,1132,91,42
temperature,16S,leave_one_site_out,6,0.6280073466068221,0.980595096117538,1133,90,42
temperature,16S,leave_one_site_out,7,0.754203340780293,0.9803386459655359,1134,89,42
temperature,16S,leave_one_site_out,8,0.7842735425659831,0.9812383192269643,1132,91,42
temperature,16S,leave_one_site_out,9,0.7779438977142312,0.9811091682259871,1135,88,42
temperature,16S,leave_one_site_out,10,0.6839053849008461,0.9868581040749412,1137,86,42
temperature,16S,leave_one_site_out,11,0.48075113269930203,0.9748021080246427,1134,89,42
temperature,16S,leave_one_site_out,12,0.631907745284606,0.9733841046034062,1138,85,42
temperature,16S,leave_one_site_out,13,0.585634827796017,0.9799071447543891,1139,84,42
temperature,18S,random_kfold,0,0.868586750642084,0.9555726508565864,978,245,42
temperature,18S,random_kfold,1,0.7918736934398901,0.9519414503549368,978,245,42
temperature,18S,random_kfold,2,0.6643357134178922,0.9467614351498158,978,245,42
temperature,18S,random_kfold,3,0.8271393259988292,0.9499348271769561,979,244,42
temperature,18S,random_kfold,4,0.8531475896022043,0.9507512057533862,979,244,42
temperature,18S,temporal_holdout,0,-17.1440786411675,-2.3841620705219873,978,245,42
temperature,18S,temporal_blocked_kfold,0,-101.50890947510143,0.3239522522797893,978,245,42
temperature,18S,temporal_blocked_kfold,1,-637.2618400495164,-0.03931854720514538,978,245,42
temperature,18S,temporal_blocked_kfold,2,-13.133257179681886,0.44730702187612725,978,245,42
temperature,18S,temporal_blocked_kfold,3,-311.6046459232141,-4.2327967371306645,979,244,42
temperature,18S,temporal_blocked_kfold,4,-17.29574693552485,-2.385275634035584,979,244,42
temperature,18S,leave_one_site_out,0,0.6337706148223154,0.9524986166810842,1136,87,42
temperature,18S,leave_one_site_out,1,0.8253421399222375,0.9410416108637916,1139,84,42
temperature,18S,leave_one_site_out,2,0.7977691050204472,0.925420204964457,1141,82,42
temperature,18S,leave_one_site_out,3,0.7437184638767669,0.9304508405031258,1135,88,42
temperature,18S,leave_one_site_out,4,0.7055580299622232,0.9520417726819143,1134,89,42
temperature,18S,leave_one_site_out,5,-41.41900890020584,0.5788662567332241,1132,91,42
temperature,18S,leave_one_site_out,6,0.10963195202694087,0.9384131933792121,1133,90,42
temperature,18S,leave_one_site_out,7,0.7977964669881433,0.9554020585649481,1134,89,42
temperature,18S,leave_one_site_out,8,0.8349672102620668,0.9586574183829151,1132,91,42
temperature,18S,leave_one_site_out,9,0.9021652610605203,0.9658888559090495,1135,88,42
temperature,18S,leave_one_site_out,10,0.8308596869792358,0.9704875538704171,1137,86,42
temperature,18S,leave_one_site_out,11,0.8339739757308873,0.9595230419974645,1134,89,42
temperature,18S,leave_one_site_out,12,0.848124251028463,0.9394214378200558,1138,85,42
temperature,18S,leave_one_site_out,13,0.7829420097401529,0.9418464546454138,1139,84,42
temperature,16S+18S,random_kfold,0,0.8751879271913124,0.9739744517604517,978,245,42
temperature,16S+18S,random_kfold,1,0.8571881365692314,0.975707006545294,978,245,42
temperature,16S+18S,random_kfold,2,0.8218113791354389,0.9685513916507223,978,245,42
temperature,16S+18S,random_kfold,3,0.7969454741386104,0.9718048152563709,979,244,42
temperature,16S+18S,random_kfold,4,0.8619239891415732,0.9682881512626286,979,244,42
temperature,16S+18S,temporal_holdout,0,-11.03811051995648,0.23387326373621553,978,245,42
temperature,16S+18S,temporal_blocked_kfold,0,-59.315883751837966,0.3178146953341795,978,245,42
temperature,16S+18S,temporal_blocked_kfold,1,-334.38216607233045,0.18500782355742074,978,245,42
temperature,16S+18S,temporal_blocked_kfold,2,-15.85185678161837,0.5269695282440452,978,245,42
temperature,16S+18S,temporal_blocked_kfold,3,-234.83673503513606,-2.23843921475726,979,244,42
temperature,16S+18S,temporal_blocked_kfold,4,-10.396685648549035,0.23076223514784977,979,244,42
temperature,16S+18S,leave_one_site_out,0,0.8602430198244524,0.9731912872441687,1136,87,42
temperature,16S+18S,leave_one_site_out,1,0.815845880344172,0.9648638498828573,1139,84,42
temperature,16S+18S,leave_one_site_out,2,0.8461172365729168,0.9701452061265388,1141,82,42
temperature,16S+18S,leave_one_site_out,3,0.8558696384070831,0.9653610944190998,1135,88,42
temperature,16S+18S,leave_one_site_out,4,0.5066883982469093,0.962328242978955,1134,89,42
temperature,16S+18S,leave_one_site_out,5,-24.276480819420527,0.7105867757519233,1132,91,42
temperature,16S+18S,leave_one_site_out,6,0.7197759051698973,0.9694978613914678,1133,90,42
temperature,16S+18S,leave_one_site_out,7,0.880049582817254,0.9719308776159179,1134,89,42
temperature,16S+18S,leave_one_site_out,8,0.8771430208795755,0.978162629352282,1132,91,42
temperature,16S+18S,leave_one_site_out,9,0.9242270553290235,0.9771932278658031,1135,88,42
temperature,16S+18S,leave_one_site_out,10,0.8422127180495134,0.9796709850160488,1137,86,42
temperature,16S+18S,leave_one_site_out,11,0.5108741091744904,0.9722730038621953,1134,89,42
temperature,16S+18S,leave_one_site_out,12,0.8813528964235786,0.9662697184281933,1138,85,42
temperature,16S+18S,leave_one_site_out,13,0.8251110191981481,0.9691243831702323,1139,84,42
salinity,16S,random_kfold,0,0.7628987939331505,0.9589566345817172,973,244,42
salinity,16S,random_kfold,1,0.7300410695346948,0.9544010314502451,973,244,42
salinity,16S,random_kfold,2,0.7328360773181699,0.9616054653472536,974,243,42
salinity,16S,random_kfold,3,0.7655342642595498,0.9559425844218314,974,243,42
salinity,16S,random_kfold,4,0.6160902846838008,0.9361138429745132,974,243,42
salinity,16S,temporal_holdout,0,0.22522513560954016,0.8594891185236041,974,243,42
salinity,16S,temporal_blocked_kfold,0,-6.554751405545597,0.6853657996598906,973,244,42
salinity,16S,temporal_blocked_kfold,1,-1.1779532592145712,0.6953437818534753,973,244,42
salinity,16S,temporal_blocked_kfold,2,0.2753333035980031,0.8563671234190067,974,243,42
salinity,16S,temporal_blocked_kfold,3,0.6799600417675324,0.9288034559305802,974,243,42
salinity,16S,temporal_blocked_kfold,4,0.22522513560954016,0.8594891185236041,974,243,42
salinity,16S,leave_one_site_out,0,0.4680324487150751,0.889262077256683,1130,87,42
salinity,16S,leave_one_site_out,1,0.5409563137950942,0.9244955532113689,1133,84,42
salinity,16S,leave_one_site_out,2,0.39484564382552223,0.8924695879467536,1135,82,42
salinity,16S,leave_one_site_out,3,0.4492455824970857,0.7946517579134609,1129,88,42
salinity,16S,leave_one_site_out,4,0.3411540653831536,0.6615694943794905,1129,88,42
salinity,16S,leave_one_site_out,5,-1013.6665893298854,-401.9062445977124,1127,90,42
salinity,16S,leave_one_site_out,6,0.43109554044167486,0.9122981324417805,1128,89,42
salinity,16S,leave_one_site_out,7,0.7804875153946171,0.9663996633012238,1129,88,42
salinity,16S,leave_one_site_out,8,0.7239372967425615,0.8856897637872092,1127,90,42
salinity,16S,leave_one_site_out,9,0.8252774786738546,0.930565346941558,1130,87,42
salinity,16S,leave_one_site_out,10,0.6904935166787902,0.9537312821787728,1131,86,42
salinity,16S,leave_one_site_out,11,0.36618035424400663,0.9163332313754636,1128,89,42
salinity,16S,leave_one_site_out,12,0.5262093556793672,0.9148635402000798,1132,85,42
salinity,16S,leave_one_site_out,13,0.1703057788240434,0.9085768419425957,1133,84,42
salinity,18S,random_kfold,0,0.8491859560756395,0.9368147751240861,973,244,42
salinity,18S,random_kfold,1,0.8062032149929904,0.9091420372098084,973,244,42
salinity,18S,random_kfold,2,0.826116465890576,0.9296999407146683,974,243,42
salinity,18S,random_kfold,3,0.7648059735449493,0.9172789863693334,974,243,42
salinity,18S,random_kfold,4,0.7452367474161844,0.8992241346972113,974,243,42
salinity,18S,temporal_holdout,0,-2.0921618884082958,0.05808316892795562,974,243,42
salinity,18S,temporal_blocked_kfold,0,-107.49119490231591,0.6592629597118889,973,244,42
salinity,18S,temporal_blocked_kfold,1,-201.4012788750002,0.5963786588347344,973,244,42
salinity,18S,temporal_blocked_kfold,2,-276.97714597654493,0.3724621655301311,974,243,42
salinity,18S,temporal_blocked_kfold,3,-1.8073020149788626,0.7270404529660592,974,243,42
salinity,18S,temporal_blocked_kfold,4,-2.0921618884082958,0.05808316892795562,974,243,42
salinity,18S,leave_one_site_out,0,0.4581944086795229,0.8452214197833583,1130,87,42
salinity,18S,leave_one_site_out,1,0.5553033843842463,0.7943234691767123,1133,84,42
salinity,18S,leave_one_site_out,2,0.6028086417983065,0.7317039881185318,1135,82,42
salinity,18S,leave_one_site_out,3,0.046538392708280085,0.6985764481696103,1129,88,42
salinity,18S,leave_one_site_out,4,0.1537585906873975,0.6520711179891525,1129,88,42
salinity,18S,leave_one_site_out,5,-28527.61412726564,-1442.050066350542,1127,90,42
salinity,18S,leave_one_site_out,6,0.6697765771346517,0.862727929132419,1128,89,42
salinity,18S,leave_one_site_out,7,0.5876228524509881,0.9291738913833009,1129,88,42
salinity,18S,leave_one_site_out,8,0.82721986730304,0.8892319120994052,1127,90,42
salinity,18S,leave_one_site_out,9,0.8737187114881165,0.9013688174087845,1130,87,42
salinity,18S,leave_one_site_out,10,0.6605559906861307,0.8980114534606387,1131,86,42
salinity,18S,leave_one_site_out,11,0.7783091397268035,0.8775874709652473,1128,89,42
salinity,18S,leave_one_site_out,12,0.5255981202081492,0.7335059154225,1132,85,42
salinity,18S,leave_one_site_out,13,0.14240438440101066,0.7639914089830205,1133,84,42
salinity,16S+18S,random_kfold,0,0.8922742703803606,0.961742808950036,973,244,42
salinity,16S+18S,random_kfold,1,0.8544990154723946,0.945371705434189,973,244,42
salinity,16S+18S,random_kfold,2,0.857202021417383,0.9586587096833942,974,243,42
salinity,16S+18S,random_kfold,3,0.8489516081982855,0.9499157679030172,974,243,42
salinity,16S+18S,random_kfold,4,0.8084548533259506,0.9413859214189535,974,243,42
salinity,16S+18S,temporal_holdout,0,0.4653155861285845,0.6755268313355927,974,243,42
salinity,16S+18S,temporal_blocked_kfold,0,-49.39027045969987,0.5521895663581875,973,244,42
salinity,16S+18S,temporal_blocked_kfold,1,-127.1389759552321,0.633306866588148,973,244,42
salinity,16S+18S,temporal_blocked_kfold,2,-87.46848621217353,0.8735938122735185,974,243,42
salinity,16S+18S,temporal_blocked_kfold,3,-1.192685995638974,0.8961327889014834,974,243,42
salinity,16S+18S,temporal_blocked_kfold,4,0.4653155861285845,0.6755268313355927,974,243,42
salinity,16S+18S,leave_one_site_out,0,0.5650515765606441,0.8869384388396262,1130,87,42
salinity,16S+18S,leave_one_site_out,1,0.7111540065088982,0.9206986791847636,1133,84,42
salinity,16S+18S,leave_one_site_out,2,0.6590146472103408,0.8545014700284037,1135,82,42
salinity,16S+18S,leave_one_site_out,3,0.5826551592539704,0.8282920058157839,1129,88,42
salinity,16S+18S,leave_one_site_out,4,0.19690983710741128,0.7288739652433467,1129,88,42
salinity,16S+18S,leave_one_site_out,5,-13330.940473186023,-600.171314720398,1127,90,42
salinity,16S+18S,leave_one_site_out,6,0.7406713572850165,0.9225431030217027,1128,89,42
salinity,16S+18S,leave_one_site_out,7,0.7575745169986416,0.9487429798903688,1129,88,42
salinity,16S+18S,leave_one_site_out,8,0.8490389677189901,0.9019310831929109,1127,90,42
salinity,16S+18S,leave_one_site_out,9,0.8935168079658461,0.9281601718646365,1130,87,42
salinity,16S+18S,leave_one_site_out,10,0.7935165544283939,0.9398657973412858,1131,86,42
salinity,16S+18S,leave_one_site_out,11,0.7889783805166807,0.917912366417708,1128,89,42
salinity,16S+18S,leave_one_site_out,12,0.6793327368136617,0.8717394209742186,1132,85,42
salinity,16S+18S,leave_one_site_out,13,0.5103558751245856,0.8973741994156382,1133,84,42
Chl_a_log1p,16S,random_kfold,0,0.5776889876074545,0.7605719337080245,1149,288,42
Chl_a_log1p,16S,random_kfold,1,0.524906936850277,0.7734199526535326,1149,288,42
Chl_a_log1p,16S,random_kfold,2,0.3686484339944318,0.8619450247480249,1150,287,42
Chl_a_log1p,16S,random_kfold,3,0.6524623901096394,0.7944536219256574,1150,287,42
Chl_a_log1p,16S,random_kfold,4,0.5581333166161915,0.7327709524475691,1150,287,42
Chl_a_log1p,16S,temporal_holdout,0,-0.26106977692831834,0.8065526105959888,1150,287,42
Chl_a_log1p,16S,temporal_blocked_kfold,0,-138.38775514685875,0.5558593442480944,1149,288,42
Chl_a_log1p,16S,temporal_blocked_kfold,1,-133.68280491257946,0.5993776042376571,1149,288,42
Chl_a_log1p,16S,temporal_blocked_kfold,2,-0.3314710264898393,0.4395376426273303,1150,287,42
Chl_a_log1p,16S,temporal_blocked_kfold,3,-44.22444907641488,0.21400849323628335,1150,287,42
Chl_a_log1p,16S,temporal_blocked_kfold,4,-0.26106977692831834,0.8065526105959888,1150,287,42
Chl_a_log1p,16S,leave_one_site_out,0,-0.17666160648526286,0.41149291587485215,1337,100,42
Chl_a_log1p,16S,leave_one_site_out,1,-1.0221570129738313,0.10284680403065583,1333,104,42
Chl_a_log1p,16S,leave_one_site_out,2,-0.6417981895957399,0.03402906014834495,1337,100,42
Chl_a_log1p,16S,leave_one_site_out,3,-0.5125927826646097,0.259809217367694,1337,100,42
Chl_a_log1p,16S,leave_one_site_out,4,-0.4795884105612851,-0.017923745285430615,1331,106,42
Chl_a_log1p,16S,leave_one_site_out,5,-44.68472864176441,0.06700900737601145,1334,103,42
Chl_a_log1p,16S,leave_one_site_out,6,0.14870147051834393,0.6148271694998697,1332,105,42
Chl_a_log1p,16S,leave_one_site_out,7,0.5025333785299164,0.7319299254264235,1333,104,42
Chl_a_log1p,16S,leave_one_site_out,8,0.4447626363905618,0.6981024269204843,1335,102,42
Chl_a_log1p,16S,leave_one_site_out,9,0.4564847715715781,0.617548361820575,1333,104,42
Chl_a_log1p,16S,leave_one_site_out,10,0.3103485969914026,0.7577648428001511,1333,104,42
Chl_a_log1p,16S,leave_one_site_out,11,-0.419279814097991,0.5171499213637527,1333,104,42
Chl_a_log1p,16S,leave_one_site_out,12,-1.3641024796053292,0.31708580684483156,1338,99,42
Chl_a_log1p,16S,leave_one_site_out,13,-1.096577402929023,-0.00803320599873647,1335,102,42
Chl_a_log1p,18S,random_kfold,0,0.6848633134468016,0.7345128856906118,1149,288,42
Chl_a_log1p,18S,random_kfold,1,0.6694457083993137,0.7742280263813206,1149,288,42
Chl_a_log1p,18S,random_kfold,2,0.7010879356314111,0.7746950794337634,1150,287,42
Chl_a_log1p,18S,random_kfold,3,0.7537136468051302,0.7829902544119978,1150,287,42
Chl_a_log1p,18S,random_kfold,4,0.3327446569568655,0.6727365546077271,1150,287,42
Chl_a_log1p,18S,temporal_holdout,0,-2.7607174848478073,0.49332235031160565,1150,287,42
Chl_a_log1p,18S,temporal_blocked_kfold,0,-113629.73069935491,-16.789996916706865,1149,288,42
Chl_a_log1p,18S,temporal_blocked_kfold,1,-377.7881435294787,0.13014393999652363,1149,288,42
Chl_a_log1p,18S,temporal_blocked_kfold,2,-255.19744815130122,-3.3360331175445026,1150,287,42
Chl_a_log1p,18S,temporal_blocked_kfold,3,-1.9195907500703702,0.13995821649998452,1150,287,42
Chl_a_log1p,18S,temporal_blocked_kfold,4,-2.7607174848478073,0.49332235031160565,1150,287,42
Chl_a_log1p,18S,leave_one_site_out,0,-0.4060530373126219,0.14308164015539893,1337,100,42
Chl_a_log1p,18S,leave_one_site_out,1,-0.5638411475871459,-0.011969742746456014,1333,104,42
Chl_a_log1p,18S,leave_one_site_out,2,-0.31525274195466046,0.015368103501576025,1337,100,42
Chl_a_log1p,18S,leave_one_site_out,3,-1.1924000034050293,-0.1883478932874234,1337,100,42
Chl_a_log1p,18S,leave_one_site_out,4,-0.17411954312276223,0.04987694155548705,1331,106,42
Chl_a_log1p,18S,leave_one_site_out,5,-68.60334817375931,-1.0284656560161753,1334,103,42
Chl_a_log1p,18S,leave_one_site_out,6,0.18396919375528442,0.5694713258097586,1332,105,42
Chl_a_log1p,18S,leave_one_site_out,7,-1.7163495721557087,0.6584570811803245,1333,104,42
Chl_a_log1p,18S,leave_one_site_out,8,0.5683804309934739,0.6834147888317457,1335,102,42
Chl_a_log1p,18S,leave_one_site_out,9,0.5316985225556154,0.5720963626789763,1333,104,42
Chl_a_log1p,18S,leave_one_site_out,10,0.6744794422223173,0.749675425564944,1333,104,42
Chl_a_log1p,18S,leave_one_site_out,11,0.26771979048247363,0.36902202293714526,1333,104,42
Chl_a_log1p,18S,leave_one_site_out,12,0.09788248504156949,0.1455496947556968,1338,99,42
Chl_a_log1p,18S,leave_one_site_out,13,-0.4833581096229673,0.04009601253095885,1335,102,42
Chl_a_log1p,16S+18S,random_kfold,0,0.7112768633436933,0.7660374941252422,1149,288,42
Chl_a_log1p,16S+18S,random_kfold,1,0.648383539159694,0.7711580974401715,1149,288,42
Chl_a_log1p,16S+18S,random_kfold,2,0.698363998284582,0.8388525677552743,1150,287,42
Chl_a_log1p,16S+18S,random_kfold,3,0.7225740177895297,0.8019228210662122,1150,287,42
Chl_a_log1p,16S+18S,random_kfold,4,0.5979166182173574,0.7168676350086387,1150,287,42
Chl_a_log1p,16S+18S,temporal_holdout,0,-0.5418629884736674,0.5842080890996504,1150,287,42
Chl_a_log1p,16S+18S,temporal_blocked_kfold,0,-67552.76835294838,-6.9249195543236794,1149,288,42
Chl_a_log1p,16S+18S,temporal_blocked_kfold,1,-477.35376823973087,0.24781414124618284,1149,288,42
Chl_a_log1p,16S+18S,temporal_blocked_kfold,2,-122.66552476781406,-0.5691526477133291,1150,287,42
Chl_a_log1p,16S+18S,temporal_blocked_kfold,3,-28.45953682518784,0.1298294207214702,1150,287,42
Chl_a_log1p,16S+18S,temporal_blocked_kfold,4,-0.5418629884736674,0.5842080890996504,1150,287,42
Chl_a_log1p,16S+18S,leave_one_site_out,0,-0.6758146550644839,0.4053056435793023,1337,100,42
Chl_a_log1p,16S+18S,leave_one_site_out,1,-0.3636673944779023,0.1107971112262327,1333,104,42
Chl_a_log1p,16S+18S,leave_one_site_out,2,-0.36412181543208333,-0.06578455753253154,1337,100,42
Chl_a_log1p,16S+18S,leave_one_site_out,3,-0.5698022425897808,0.10520830468505482,1337,100,42
Chl_a_log1p,16S+18S,leave_one_site_out,4,-0.30544817053228557,-0.1458265753681447,1331,106,42
Chl_a_log1p,16S+18S,leave_one_site_out,5,-88.22535315748429,-0.7804769528572293,1334,103,42
Chl_a_log1p,16S+18S,leave_one_site_out,6,-0.7846429463714975,0.6575421625016484,1332,105,42
Chl_a_log1p,16S+18S,leave_one_site_out,7,-0.020874990747077993,0.7244077859493678,1333,104,42
Chl_a_log1p,16S+18S,leave_one_site_out,8,0.6110666610695099,0.7140255054807763,1335,102,42
Chl_a_log1p,16S+18S,leave_one_site_out,9,0.5699742671737007,0.6029556760619065,1333,104,42
Chl_a_log1p,16S+18S,leave_one_site_out,10,0.689132636967727,0.7884586710611518,1333,104,42
Chl_a_log1p,16S+18S,leave_one_site_out,11,0.13671017301042165,0.5071636843233238,1333,104,42
Chl_a_log1p,16S+18S,leave_one_site_out,12,-0.2420805202191978,0.3080773033936889,1338,99,42
Chl_a_log1p,16S+18S,leave_one_site_out,13,-0.5473536148382856,-0.0127536653038125,1335,102,42
