emb_target,input,strategy,fold,pred_target,emb_r2,raw_r2,emb_wins,n_test,seed,model_path
temperature,16S,random_kfold,0,temperature,0.9851052165031432,0.7138336896896362,True,245,42,auto
temperature,16S,random_kfold,0,salinity,0.92241370677948,0.7342346906661987,True,243,42,auto
temperature,16S,random_kfold,0,Chl_a_log1p,0.665791392326355,0.5421420335769653,True,222,42,auto
temperature,16S,random_kfold,1,temperature,0.9859939217567444,0.7482396364212036,True,245,42,auto
temperature,16S,random_kfold,1,salinity,0.9217499494552612,0.7543674111366272,True,244,42,auto
temperature,16S,random_kfold,1,Chl_a_log1p,0.7348443865776062,0.0831930041313171,True,236,42,auto
temperature,16S,random_kfold,2,temperature,0.985126256942749,0.7238031625747681,True,245,42,auto
temperature,16S,random_kfold,2,salinity,0.9274381995201112,0.7541778683662415,True,244,42,auto
temperature,16S,random_kfold,2,Chl_a_log1p,0.7021234035491943,0.6429775357246399,True,232,42,auto
temperature,16S,random_kfold,3,temperature,0.9852495789527892,0.5697957873344421,True,244,42,auto
temperature,16S,random_kfold,3,salinity,0.916208267211914,0.7324974536895752,True,243,42,auto
temperature,16S,random_kfold,3,Chl_a_log1p,0.6329116821289062,0.578048050403595,True,223,42,auto
temperature,16S,random_kfold,4,temperature,0.9840781092643738,0.6191287040710449,True,244,42,auto
temperature,16S,random_kfold,4,salinity,0.9168714284896852,0.6489222645759583,True,242,42,auto
temperature,16S,random_kfold,4,Chl_a_log1p,0.6451181173324585,0.5017638206481934,True,228,42,auto
temperature,16S,temporal_blocked_kfold,0,temperature,0.7502658367156982,-10.442625999450684,True,245,42,auto
temperature,16S,temporal_blocked_kfold,0,salinity,0.8600963354110718,-6.529849052429199,True,245,42,auto
temperature,16S,temporal_blocked_kfold,0,Chl_a_log1p,0.5649687051773071,-6.493320941925049,True,242,42,auto
temperature,16S,temporal_blocked_kfold,1,temperature,0.689113438129425,-6.418362617492676,True,245,42,auto
temperature,16S,temporal_blocked_kfold,1,salinity,0.7411646842956543,-0.8738971948623657,True,245,42,auto
temperature,16S,temporal_blocked_kfold,1,Chl_a_log1p,0.4754514694213867,-0.1576960086822509,True,238,42,auto
temperature,16S,temporal_blocked_kfold,2,temperature,0.7078624367713928,0.0999732613563537,True,245,42,auto
temperature,16S,temporal_blocked_kfold,2,salinity,0.7222377061843872,0.2586187720298767,True,238,42,auto
temperature,16S,temporal_blocked_kfold,2,Chl_a_log1p,0.1632861495018005,-5.568820476531982,True,181,42,auto
temperature,16S,temporal_blocked_kfold,3,temperature,-0.1852245330810547,-18.626354217529297,True,244,42,auto
temperature,16S,temporal_blocked_kfold,3,salinity,0.8950644731521606,0.6629862785339355,True,244,42,auto
temperature,16S,temporal_blocked_kfold,3,Chl_a_log1p,0.4263277053833008,0.241539180278778,True,236,42,auto
temperature,16S,temporal_blocked_kfold,4,temperature,0.6264653205871582,-6.214008331298828,True,244,42,auto
temperature,16S,temporal_blocked_kfold,4,salinity,0.751132071018219,0.2696276903152466,True,244,42,auto
temperature,16S,temporal_blocked_kfold,4,Chl_a_log1p,0.6924067735671997,0.2579641938209533,True,244,42,auto
temperature,18S,random_kfold,0,temperature,0.9852735996246338,0.8685867786407471,True,245,42,auto
temperature,18S,random_kfold,0,salinity,0.8750611543655396,0.7899019122123718,True,243,42,auto
temperature,18S,random_kfold,0,Chl_a_log1p,0.7149910926818848,0.6663868427276611,True,222,42,auto
temperature,18S,random_kfold,1,temperature,0.9851627349853516,0.7918736934661865,True,245,42,auto
temperature,18S,random_kfold,1,salinity,0.8975316882133484,0.774327278137207,True,244,42,auto
temperature,18S,random_kfold,1,Chl_a_log1p,0.75267493724823,0.6958709955215454,True,236,42,auto
temperature,18S,random_kfold,2,temperature,0.986668348312378,0.6643358469009399,True,245,42,auto
temperature,18S,random_kfold,2,salinity,0.8961533308029175,0.8237749338150024,True,244,42,auto
temperature,18S,random_kfold,2,Chl_a_log1p,0.7047418355941772,0.6089992523193359,True,232,42,auto
temperature,18S,random_kfold,3,temperature,0.9838070273399352,0.8271393775939941,True,244,42,auto
temperature,18S,random_kfold,3,salinity,0.8475601077079773,0.8460298776626587,True,243,42,auto
temperature,18S,random_kfold,3,Chl_a_log1p,0.630128026008606,0.5827559232711792,True,223,42,auto
temperature,18S,random_kfold,4,temperature,0.983705759048462,0.8531476259231567,True,244,42,auto
temperature,18S,random_kfold,4,salinity,0.8426751494407654,0.7576543688774109,True,242,42,auto
temperature,18S,random_kfold,4,Chl_a_log1p,0.6512988805770874,0.6832518577575684,False,228,42,auto
temperature,18S,temporal_blocked_kfold,0,temperature,0.6613715887069702,-101.50889587402344,True,245,42,auto
temperature,18S,temporal_blocked_kfold,0,salinity,0.6850491762161255,-109.73899841308594,True,245,42,auto
temperature,18S,temporal_blocked_kfold,0,Chl_a_log1p,0.5086543560028076,-541.2890625,True,242,42,auto
temperature,18S,temporal_blocked_kfold,1,temperature,0.784750759601593,-637.2618408203125,True,245,42,auto
temperature,18S,temporal_blocked_kfold,1,salinity,0.5710090398788452,-245.38327026367188,True,245,42,auto
temperature,18S,temporal_blocked_kfold,1,Chl_a_log1p,0.4259121417999267,-75.5741195678711,True,238,42,auto
temperature,18S,temporal_blocked_kfold,2,temperature,0.6525951027870178,-13.1332426071167,True,245,42,auto
temperature,18S,temporal_blocked_kfold,2,salinity,0.3357916474342346,-55.27153015136719,True,238,42,auto
temperature,18S,temporal_blocked_kfold,2,Chl_a_log1p,0.4444648027420044,-1029.45751953125,True,181,42,auto
temperature,18S,temporal_blocked_kfold,3,temperature,-0.0239993333816528,-311.6046447753906,True,244,42,auto
temperature,18S,temporal_blocked_kfold,3,salinity,0.6786237955093384,-3.3834123611450195,True,244,42,auto
temperature,18S,temporal_blocked_kfold,3,Chl_a_log1p,0.5970019698143005,-2.12650728225708,True,236,42,auto
temperature,18S,temporal_blocked_kfold,4,temperature,0.7083972096443176,-17.295747756958008,True,244,42,auto
temperature,18S,temporal_blocked_kfold,4,salinity,0.7561907768249512,-2.025407314300537,True,244,42,auto
temperature,18S,temporal_blocked_kfold,4,Chl_a_log1p,0.7789406776428223,-0.4409912824630737,True,244,42,auto
temperature,16S+18S,random_kfold,0,temperature,0.9862871766090392,0.8751879334449768,True,245,42,auto
temperature,16S+18S,random_kfold,0,salinity,0.9243924617767334,0.8423348665237427,True,243,42,auto
temperature,16S+18S,random_kfold,0,Chl_a_log1p,0.6727708578109741,0.6382694840431213,True,222,42,auto
temperature,16S+18S,random_kfold,1,temperature,0.9862483143806458,0.8571881651878357,True,245,42,auto
temperature,16S+18S,random_kfold,1,salinity,0.9224628210067748,0.8612719774246216,True,244,42,auto
temperature,16S+18S,random_kfold,1,Chl_a_log1p,0.7725971937179565,0.5696128606796265,True,236,42,auto
temperature,16S+18S,random_kfold,2,temperature,0.986520767211914,0.8218113780021667,True,245,42,auto
temperature,16S+18S,random_kfold,2,salinity,0.93451726436615,0.8594499826431274,True,244,42,auto
temperature,16S+18S,random_kfold,2,Chl_a_log1p,0.7136048078536987,0.5632880330085754,True,232,42,auto
temperature,16S+18S,random_kfold,3,temperature,0.9866647720336914,0.7969454526901245,True,244,42,auto
temperature,16S+18S,random_kfold,3,salinity,0.8984130024909973,0.8713777661323547,True,243,42,auto
temperature,16S+18S,random_kfold,3,Chl_a_log1p,0.6520781517028809,0.6307214498519897,True,223,42,auto
temperature,16S+18S,random_kfold,4,temperature,0.9867891669273376,0.8619239926338196,True,244,42,auto
temperature,16S+18S,random_kfold,4,salinity,0.9328157305717468,0.8204525709152222,True,242,42,auto
temperature,16S+18S,random_kfold,4,Chl_a_log1p,0.6573787927627563,0.6911410093307495,False,228,42,auto
temperature,16S+18S,temporal_blocked_kfold,0,temperature,0.724855899810791,-59.315895080566406,True,245,42,auto
temperature,16S+18S,temporal_blocked_kfold,0,salinity,0.863067090511322,-52.41664123535156,True,245,42,auto
temperature,16S+18S,temporal_blocked_kfold,0,Chl_a_log1p,0.5487415790557861,-601.6614990234375,True,242,42,auto
temperature,16S+18S,temporal_blocked_kfold,1,temperature,0.7725675702095032,-334.3822021484375,True,245,42,auto
temperature,16S+18S,temporal_blocked_kfold,1,salinity,0.6950936317443848,-190.51348876953125,True,245,42,auto
temperature,16S+18S,temporal_blocked_kfold,1,Chl_a_log1p,0.5990023612976074,-44.26839065551758,True,238,42,auto
temperature,16S+18S,temporal_blocked_kfold,2,temperature,0.7557861804962158,-15.85188102722168,True,245,42,auto
temperature,16S+18S,temporal_blocked_kfold,2,salinity,0.7342638969421387,-51.134647369384766,True,238,42,auto
temperature,16S+18S,temporal_blocked_kfold,2,Chl_a_log1p,0.099696397781372,-320.159912109375,True,181,42,auto
temperature,16S+18S,temporal_blocked_kfold,3,temperature,0.1191962957382202,-234.83676147460935,True,244,42,auto
temperature,16S+18S,temporal_blocked_kfold,3,salinity,0.8777472972869873,-1.4278206825256348,True,244,42,auto
temperature,16S+18S,temporal_blocked_kfold,3,Chl_a_log1p,0.4903285503387451,-1.7923665046691897,True,236,42,auto
temperature,16S+18S,temporal_blocked_kfold,4,temperature,0.6033973693847656,-10.396685600280762,True,244,42,auto
temperature,16S+18S,temporal_blocked_kfold,4,salinity,0.753602921962738,0.4655577540397644,True,244,42,auto
temperature,16S+18S,temporal_blocked_kfold,4,Chl_a_log1p,0.7906503081321716,0.1424771547317505,True,244,42,auto
salinity,16S,random_kfold,0,temperature,0.9442175030708312,0.7082347869873047,True,244,42,auto
salinity,16S,random_kfold,0,salinity,0.9745739698410034,0.7628988027572632,True,244,42,auto
salinity,16S,random_kfold,0,Chl_a_log1p,0.7223493456840515,0.4940398335456848,True,224,42,auto
salinity,16S,random_kfold,1,temperature,0.9469845294952391,0.7439578771591187,True,243,42,auto
salinity,16S,random_kfold,1,salinity,0.9646941423416138,0.7300411462783813,True,244,42,auto
salinity,16S,random_kfold,1,Chl_a_log1p,0.6715528964996338,0.5523093938827515,True,233,42,auto
salinity,16S,random_kfold,2,temperature,0.9487596154212952,0.7162866592407227,True,243,42,auto
salinity,16S,random_kfold,2,salinity,0.9778552055358888,0.7328360676765442,True,243,42,auto
salinity,16S,random_kfold,2,Chl_a_log1p,0.7412981390953064,0.6407763957977295,True,227,42,auto
salinity,16S,random_kfold,3,temperature,0.9414352774620056,0.6173872947692871,True,243,42,auto
salinity,16S,random_kfold,3,salinity,0.9679251313209534,0.7655342817306519,True,243,42,auto
salinity,16S,random_kfold,3,Chl_a_log1p,0.7287161350250244,0.5083962678909302,True,224,42,auto
salinity,16S,random_kfold,4,temperature,0.9285067915916444,0.5983654260635376,True,243,42,auto
salinity,16S,random_kfold,4,salinity,0.9562976956367492,0.6160902976989746,True,243,42,auto
salinity,16S,random_kfold,4,Chl_a_log1p,0.6930616497993469,0.3078681826591491,True,227,42,auto
salinity,16S,temporal_blocked_kfold,0,temperature,0.6039121150970459,-10.234696388244627,True,244,42,auto
salinity,16S,temporal_blocked_kfold,0,salinity,0.8967964053153992,-6.554749965667725,True,244,42,auto
salinity,16S,temporal_blocked_kfold,0,Chl_a_log1p,0.6161862015724182,-6.283504962921143,True,241,42,auto
salinity,16S,temporal_blocked_kfold,1,temperature,0.4125527739524841,-6.019210338592529,True,244,42,auto
salinity,16S,temporal_blocked_kfold,1,salinity,0.9298848509788512,-1.1779532432556152,True,244,42,auto
salinity,16S,temporal_blocked_kfold,1,Chl_a_log1p,0.5464184284210205,-0.173436164855957,True,237,42,auto
salinity,16S,temporal_blocked_kfold,2,temperature,0.5265851020812988,0.0330674052238464,True,243,42,auto
salinity,16S,temporal_blocked_kfold,2,salinity,0.8935984373092651,0.2753331065177917,True,243,42,auto
salinity,16S,temporal_blocked_kfold,2,Chl_a_log1p,0.3703744411468506,-5.634173393249512,True,179,42,auto
salinity,16S,temporal_blocked_kfold,3,temperature,-1.309842824935913,-15.950590133666992,True,242,42,auto
salinity,16S,temporal_blocked_kfold,3,salinity,0.9550259113311768,0.6799600124359131,True,243,42,auto
salinity,16S,temporal_blocked_kfold,3,Chl_a_log1p,0.3061642646789551,0.2682362198829651,True,235,42,auto
salinity,16S,temporal_blocked_kfold,4,temperature,0.4316954612731933,-6.253901958465576,True,243,42,auto
salinity,16S,temporal_blocked_kfold,4,salinity,0.9271318316459656,0.225225031375885,True,243,42,auto
salinity,16S,temporal_blocked_kfold,4,Chl_a_log1p,0.8149185180664062,0.251076340675354,True,243,42,auto
salinity,18S,random_kfold,0,temperature,0.9465205669403076,0.846520721912384,True,244,42,auto
salinity,18S,random_kfold,0,salinity,0.9615316390991212,0.8491859436035156,True,244,42,auto
salinity,18S,random_kfold,0,Chl_a_log1p,0.7098902463912964,0.601172149181366,True,224,42,auto
salinity,18S,random_kfold,1,temperature,0.9420287013053894,0.8391547203063965,True,243,42,auto
salinity,18S,random_kfold,1,salinity,0.9447053074836732,0.8062032461166382,True,244,42,auto
salinity,18S,random_kfold,1,Chl_a_log1p,0.6664849519729614,0.6569057703018188,True,233,42,auto
salinity,18S,random_kfold,2,temperature,0.9346742630004884,0.8117918968200684,True,243,42,auto
salinity,18S,random_kfold,2,salinity,0.9677398800849916,0.8261164426803589,True,243,42,auto
salinity,18S,random_kfold,2,Chl_a_log1p,0.7322220802307129,0.7003640532493591,True,227,42,auto
salinity,18S,random_kfold,3,temperature,0.9412380456924438,0.5363171100616455,True,243,42,auto
salinity,18S,random_kfold,3,salinity,0.9535857439041138,0.7648059129714966,True,243,42,auto
salinity,18S,random_kfold,3,Chl_a_log1p,0.744226336479187,0.6632177233695984,True,224,42,auto
salinity,18S,random_kfold,4,temperature,0.9401386976242064,0.8228738307952881,True,243,42,auto
salinity,18S,random_kfold,4,salinity,0.9327224493026732,0.7452367544174194,True,243,42,auto
salinity,18S,random_kfold,4,Chl_a_log1p,0.6499037742614746,0.628319501876831,True,227,42,auto
salinity,18S,temporal_blocked_kfold,0,temperature,0.4510695338249206,-75.1915283203125,True,244,42,auto
salinity,18S,temporal_blocked_kfold,0,salinity,0.907429337501526,-107.49121856689452,True,244,42,auto
salinity,18S,temporal_blocked_kfold,0,Chl_a_log1p,0.6744703054428101,-407.7957458496094,True,241,42,auto
salinity,18S,temporal_blocked_kfold,1,temperature,0.6140768527984619,-604.4837036132812,True,244,42,auto
salinity,18S,temporal_blocked_kfold,1,salinity,0.8637624382972717,-201.40122985839844,True,244,42,auto
salinity,18S,temporal_blocked_kfold,1,Chl_a_log1p,0.5494297742843628,-185.6882781982422,True,237,42,auto
salinity,18S,temporal_blocked_kfold,2,temperature,0.187710165977478,-27.27356719970703,True,243,42,auto
salinity,18S,temporal_blocked_kfold,2,salinity,0.8249584436416626,-276.9772644042969,True,243,42,auto
salinity,18S,temporal_blocked_kfold,2,Chl_a_log1p,0.4618808031082153,-1045.5439453125,True,179,42,auto
salinity,18S,temporal_blocked_kfold,3,temperature,-1.2098569869995115,-106.40070343017578,True,242,42,auto
salinity,18S,temporal_blocked_kfold,3,salinity,0.8865859508514404,-1.807302474975586,True,243,42,auto
salinity,18S,temporal_blocked_kfold,3,Chl_a_log1p,0.2995961308479309,-2.368206262588501,True,235,42,auto
salinity,18S,temporal_blocked_kfold,4,temperature,0.6061681509017944,-17.57773208618164,True,243,42,auto
salinity,18S,temporal_blocked_kfold,4,salinity,0.9015619158744812,-2.0921616554260254,True,243,42,auto
salinity,18S,temporal_blocked_kfold,4,Chl_a_log1p,0.6724051237106323,-0.4518052339553833,True,243,42,auto
salinity,16S+18S,random_kfold,0,temperature,0.95281982421875,0.8644533157348633,True,244,42,auto
salinity,16S+18S,random_kfold,0,salinity,0.9750860333442688,0.8922742605209351,True,244,42,auto
salinity,16S+18S,random_kfold,0,Chl_a_log1p,0.729069173336029,0.6290658712387085,True,224,42,auto
salinity,16S+18S,random_kfold,1,temperature,0.9516146183013916,0.8694109916687012,True,243,42,auto
salinity,16S+18S,random_kfold,1,salinity,0.9607630968093872,0.8544990420341492,True,244,42,auto
salinity,16S+18S,random_kfold,1,Chl_a_log1p,0.669379711151123,0.6589221954345703,True,233,42,auto
salinity,16S+18S,random_kfold,2,temperature,0.9476369619369508,0.858891487121582,True,243,42,auto
salinity,16S+18S,random_kfold,2,salinity,0.981920599937439,0.8572019934654236,True,243,42,auto
salinity,16S+18S,random_kfold,2,Chl_a_log1p,0.7478770017623901,0.7370679974555969,True,227,42,auto
salinity,16S+18S,random_kfold,3,temperature,0.9484097361564636,0.7338275909423828,True,243,42,auto
salinity,16S+18S,random_kfold,3,salinity,0.9698266983032228,0.8489515781402588,True,243,42,auto
salinity,16S+18S,random_kfold,3,Chl_a_log1p,0.7204023599624634,0.6951744556427002,True,224,42,auto
salinity,16S+18S,random_kfold,4,temperature,0.9419345855712892,0.8276928663253784,True,243,42,auto
salinity,16S+18S,random_kfold,4,salinity,0.9560548663139344,0.8084548711776733,True,243,42,auto
salinity,16S+18S,random_kfold,4,Chl_a_log1p,0.6630040407180786,0.6263184547424316,True,227,42,auto
salinity,16S+18S,temporal_blocked_kfold,0,temperature,0.16276216506958,-42.67485809326172,True,244,42,auto
salinity,16S+18S,temporal_blocked_kfold,0,salinity,0.8991718292236328,-49.39029693603516,True,244,42,auto
salinity,16S+18S,temporal_blocked_kfold,0,Chl_a_log1p,0.6339313983917236,-460.5916748046875,True,241,42,auto
salinity,16S+18S,temporal_blocked_kfold,1,temperature,0.2752985954284668,-218.8448486328125,True,244,42,auto
salinity,16S+18S,temporal_blocked_kfold,1,salinity,0.9368913769721984,-127.13893127441406,True,244,42,auto
salinity,16S+18S,temporal_blocked_kfold,1,Chl_a_log1p,0.5780147314071655,-117.70748901367188,True,237,42,auto
salinity,16S+18S,temporal_blocked_kfold,2,temperature,0.4868651032447815,-1.8238468170166016,True,243,42,auto
salinity,16S+18S,temporal_blocked_kfold,2,salinity,0.9004839658737183,-87.46858978271484,True,243,42,auto
salinity,16S+18S,temporal_blocked_kfold,2,Chl_a_log1p,0.3276920914649963,-153.3161163330078,True,179,42,auto
salinity,16S+18S,temporal_blocked_kfold,3,temperature,-1.963407039642334,-87.68048095703125,True,242,42,auto
salinity,16S+18S,temporal_blocked_kfold,3,salinity,0.9611188173294068,-1.1926860809326172,True,243,42,auto
salinity,16S+18S,temporal_blocked_kfold,3,Chl_a_log1p,0.2771439552307129,-2.555781364440918,True,235,42,auto
salinity,16S+18S,temporal_blocked_kfold,4,temperature,0.5609360933303833,-10.330151557922363,True,243,42,auto
salinity,16S+18S,temporal_blocked_kfold,4,salinity,0.9333266019821168,0.4653155207633972,True,243,42,auto
salinity,16S+18S,temporal_blocked_kfold,4,Chl_a_log1p,0.7929732203483582,0.1230906844139099,True,243,42,auto
Chl_a_log1p,16S,random_kfold,0,temperature,0.9185467958450316,0.6797178983688354,True,229,42,auto
Chl_a_log1p,16S,random_kfold,0,salinity,0.8949770927429199,0.7591302990913391,True,229,42,auto
Chl_a_log1p,16S,random_kfold,0,Chl_a_log1p,0.7189178466796875,0.5776889324188232,True,288,42,auto
Chl_a_log1p,16S,random_kfold,1,temperature,0.9294832348823548,0.5979092121124268,True,225,42,auto
Chl_a_log1p,16S,random_kfold,1,salinity,0.914852261543274,0.7334942817687988,True,223,42,auto
Chl_a_log1p,16S,random_kfold,1,Chl_a_log1p,0.7842376232147217,0.5249069929122925,True,288,42,auto
Chl_a_log1p,16S,random_kfold,2,temperature,0.9236143231391908,0.6978201270103455,True,230,42,auto
Chl_a_log1p,16S,random_kfold,2,salinity,0.9150320291519164,0.6337906122207642,True,228,42,auto
Chl_a_log1p,16S,random_kfold,2,Chl_a_log1p,0.8386974334716797,0.3686484694480896,True,287,42,auto
Chl_a_log1p,16S,random_kfold,3,temperature,0.9201952815055848,0.7687807083129883,True,223,42,auto
Chl_a_log1p,16S,random_kfold,3,salinity,0.908314883708954,0.729134202003479,True,222,42,auto
Chl_a_log1p,16S,random_kfold,3,Chl_a_log1p,0.8433126211166382,0.6524624228477478,True,287,42,auto
Chl_a_log1p,16S,random_kfold,4,temperature,0.9256640076637268,0.6910214424133301,True,234,42,auto
Chl_a_log1p,16S,random_kfold,4,salinity,0.9186139106750488,0.707176923751831,True,233,42,auto
Chl_a_log1p,16S,random_kfold,4,Chl_a_log1p,0.7351559996604919,0.5581333637237549,True,287,42,auto
Chl_a_log1p,16S,temporal_blocked_kfold,0,temperature,0.8184319734573364,-43.86628341674805,True,132,42,auto
Chl_a_log1p,16S,temporal_blocked_kfold,0,salinity,0.8915308117866516,-16.883544921875,True,132,42,auto
Chl_a_log1p,16S,temporal_blocked_kfold,0,Chl_a_log1p,0.6779502630233765,-138.38771057128906,True,288,42,auto
Chl_a_log1p,16S,temporal_blocked_kfold,1,temperature,-1.067028284072876,-5221.23193359375,True,241,42,auto
Chl_a_log1p,16S,temporal_blocked_kfold,1,salinity,0.7270092964172363,-92.05905151367188,True,241,42,auto
Chl_a_log1p,16S,temporal_blocked_kfold,1,Chl_a_log1p,0.689464807510376,-133.68280029296875,True,288,42,auto
Chl_a_log1p,16S,temporal_blocked_kfold,2,temperature,0.762239933013916,-0.985207200050354,True,239,42,auto
Chl_a_log1p,16S,temporal_blocked_kfold,2,salinity,0.8241080045700073,-0.3910958766937256,True,232,42,auto
Chl_a_log1p,16S,temporal_blocked_kfold,2,Chl_a_log1p,0.4829205274581909,-0.3314709663391113,True,287,42,auto
Chl_a_log1p,16S,temporal_blocked_kfold,3,temperature,-1.960439682006836,-48.09189224243164,True,286,42,auto
Chl_a_log1p,16S,temporal_blocked_kfold,3,salinity,0.8429228067398071,-0.3213721513748169,True,287,42,auto
Chl_a_log1p,16S,temporal_blocked_kfold,3,Chl_a_log1p,0.3129796385765075,-44.22444152832031,True,287,42,auto
Chl_a_log1p,16S,temporal_blocked_kfold,4,temperature,-0.0071032047271728,-6.294269561767578,True,243,42,auto
Chl_a_log1p,16S,temporal_blocked_kfold,4,salinity,0.685857892036438,0.2666149139404297,True,243,42,auto
Chl_a_log1p,16S,temporal_blocked_kfold,4,Chl_a_log1p,0.8133829236030579,-0.2610695362091064,True,287,42,auto
Chl_a_log1p,18S,random_kfold,0,temperature,0.9082521200180054,0.8430035710334778,True,229,42,auto
Chl_a_log1p,18S,random_kfold,0,salinity,0.8727307319641113,0.8035224080085754,True,229,42,auto
Chl_a_log1p,18S,random_kfold,0,Chl_a_log1p,0.7493108510971069,0.6848633289337158,True,288,42,auto
Chl_a_log1p,18S,random_kfold,1,temperature,0.8920184373855591,0.7965724468231201,True,225,42,auto
Chl_a_log1p,18S,random_kfold,1,salinity,0.8760203123092651,0.8035382628440857,True,223,42,auto
Chl_a_log1p,18S,random_kfold,1,Chl_a_log1p,0.7967882752418518,0.6694457530975342,True,288,42,auto
Chl_a_log1p,18S,random_kfold,2,temperature,0.9321027994155884,0.8578387498855591,True,230,42,auto
Chl_a_log1p,18S,random_kfold,2,salinity,0.8879987597465515,0.7622639536857605,True,228,42,auto
Chl_a_log1p,18S,random_kfold,2,Chl_a_log1p,0.8371405601501465,0.7010879516601562,True,287,42,auto
Chl_a_log1p,18S,random_kfold,3,temperature,0.8818427324295044,0.873733639717102,True,223,42,auto
Chl_a_log1p,18S,random_kfold,3,salinity,0.8761664628982544,0.8286818265914917,True,222,42,auto
Chl_a_log1p,18S,random_kfold,3,Chl_a_log1p,0.8309626579284668,0.7537136077880859,True,287,42,auto
Chl_a_log1p,18S,random_kfold,4,temperature,0.8613317012786865,-0.0659362077713012,True,234,42,auto
Chl_a_log1p,18S,random_kfold,4,salinity,0.8754085302352905,0.8058619499206543,True,233,42,auto
Chl_a_log1p,18S,random_kfold,4,Chl_a_log1p,0.7283693552017212,0.3327445983886719,True,287,42,auto
Chl_a_log1p,18S,temporal_blocked_kfold,0,temperature,0.5696536302566528,-21.778270721435547,True,132,42,auto
Chl_a_log1p,18S,temporal_blocked_kfold,0,salinity,0.8746728897094727,-5.890929698944092,True,132,42,auto
Chl_a_log1p,18S,temporal_blocked_kfold,0,Chl_a_log1p,0.7478746771812439,-113629.765625,True,288,42,auto
Chl_a_log1p,18S,temporal_blocked_kfold,1,temperature,-1.2295253276824951,-9531.1455078125,True,241,42,auto
Chl_a_log1p,18S,temporal_blocked_kfold,1,salinity,0.7656992673873901,-1050.6241455078125,True,241,42,auto
Chl_a_log1p,18S,temporal_blocked_kfold,1,Chl_a_log1p,0.736625075340271,-377.7881774902344,True,288,42,auto
Chl_a_log1p,18S,temporal_blocked_kfold,2,temperature,0.4431500434875488,-3376.69580078125,True,239,42,auto
Chl_a_log1p,18S,temporal_blocked_kfold,2,salinity,0.5920064449310303,-406.3663330078125,True,232,42,auto
Chl_a_log1p,18S,temporal_blocked_kfold,2,Chl_a_log1p,0.5402824878692627,-255.19741821289065,True,287,42,auto
Chl_a_log1p,18S,temporal_blocked_kfold,3,temperature,-1.7781496047973633,-276.1275329589844,True,286,42,auto
Chl_a_log1p,18S,temporal_blocked_kfold,3,salinity,0.7566075921058655,-2.4274497032165527,True,287,42,auto
Chl_a_log1p,18S,temporal_blocked_kfold,3,Chl_a_log1p,0.4269413948059082,-1.9195902347564695,True,287,42,auto
Chl_a_log1p,18S,temporal_blocked_kfold,4,temperature,0.4013193845748901,-13.444965362548828,True,243,42,auto
Chl_a_log1p,18S,temporal_blocked_kfold,4,salinity,0.6676028966903687,-0.0250589847564697,True,243,42,auto
Chl_a_log1p,18S,temporal_blocked_kfold,4,Chl_a_log1p,0.8450428247451782,-2.7607171535491943,True,287,42,auto
Chl_a_log1p,16S+18S,random_kfold,0,temperature,0.927360773086548,0.8799746036529541,True,229,42,auto
Chl_a_log1p,16S+18S,random_kfold,0,salinity,0.8702841401100159,0.8583424687385559,True,229,42,auto
Chl_a_log1p,16S+18S,random_kfold,0,Chl_a_log1p,0.746290922164917,0.7112768888473511,True,288,42,auto
Chl_a_log1p,16S+18S,random_kfold,1,temperature,0.939555287361145,0.7840670347213745,True,225,42,auto
Chl_a_log1p,16S+18S,random_kfold,1,salinity,0.8982986211776733,0.8520162105560303,True,223,42,auto
Chl_a_log1p,16S+18S,random_kfold,1,Chl_a_log1p,0.7995915412902832,0.6483834981918335,True,288,42,auto
Chl_a_log1p,16S+18S,random_kfold,2,temperature,0.9238569736480712,0.8819290995597839,True,230,42,auto
Chl_a_log1p,16S+18S,random_kfold,2,salinity,0.9217671751976012,0.8387473225593567,True,228,42,auto
Chl_a_log1p,16S+18S,random_kfold,2,Chl_a_log1p,0.8460693955421448,0.6983640193939209,True,287,42,auto
Chl_a_log1p,16S+18S,random_kfold,3,temperature,0.9276400208473206,0.9011430144309998,True,223,42,auto
Chl_a_log1p,16S+18S,random_kfold,3,salinity,0.9173411130905152,0.8778691291809082,True,222,42,auto
Chl_a_log1p,16S+18S,random_kfold,3,Chl_a_log1p,0.8476597666740417,0.72257399559021,True,287,42,auto
Chl_a_log1p,16S+18S,random_kfold,4,temperature,0.934262216091156,0.5863833427429199,True,234,42,auto
Chl_a_log1p,16S+18S,random_kfold,4,salinity,0.9189309477806092,0.8774258494377136,True,233,42,auto
Chl_a_log1p,16S+18S,random_kfold,4,Chl_a_log1p,0.7368295192718506,0.5979166626930237,True,287,42,auto
Chl_a_log1p,16S+18S,temporal_blocked_kfold,0,temperature,0.7052528262138367,-20.59815216064453,True,132,42,auto
Chl_a_log1p,16S+18S,temporal_blocked_kfold,0,salinity,0.9314624667167664,-6.764193534851074,True,132,42,auto
Chl_a_log1p,16S+18S,temporal_blocked_kfold,0,Chl_a_log1p,0.7130769491195679,-67552.7578125,True,288,42,auto
Chl_a_log1p,16S+18S,temporal_blocked_kfold,1,temperature,-1.7251832485198977,-2850.92822265625,True,241,42,auto
Chl_a_log1p,16S+18S,temporal_blocked_kfold,1,salinity,0.783565878868103,-45.0683479309082,True,241,42,auto
Chl_a_log1p,16S+18S,temporal_blocked_kfold,1,Chl_a_log1p,0.7242609262466431,-477.3538208007813,True,288,42,auto
Chl_a_log1p,16S+18S,temporal_blocked_kfold,2,temperature,0.7588139772415161,-1909.2982177734373,True,239,42,auto
Chl_a_log1p,16S+18S,temporal_blocked_kfold,2,salinity,0.757622241973877,-114.0688934326172,True,232,42,auto
Chl_a_log1p,16S+18S,temporal_blocked_kfold,2,Chl_a_log1p,0.5132039785385132,-122.6655044555664,True,287,42,auto
Chl_a_log1p,16S+18S,temporal_blocked_kfold,3,temperature,-1.6571221351623535,-276.8599548339844,True,286,42,auto
Chl_a_log1p,16S+18S,temporal_blocked_kfold,3,salinity,0.8559774160385132,-3.364453792572021,True,287,42,auto
Chl_a_log1p,16S+18S,temporal_blocked_kfold,3,Chl_a_log1p,0.2829195261001587,-28.45953750610352,True,287,42,auto
Chl_a_log1p,16S+18S,temporal_blocked_kfold,4,temperature,0.3231600522994995,-7.762296676635742,True,243,42,auto
Chl_a_log1p,16S+18S,temporal_blocked_kfold,4,salinity,0.7295314073562622,0.3627244830131531,True,243,42,auto
Chl_a_log1p,16S+18S,temporal_blocked_kfold,4,Chl_a_log1p,0.8522816300392151,-0.5418628454208374,True,287,42,auto
temperature,16S,temporal_holdout,0,temperature,0.5993914604187012,-8.332035064697266,True,245,42,auto
temperature,16S,temporal_holdout,0,salinity,0.7721930146217346,0.2868247628211975,True,245,42,auto
temperature,16S,temporal_holdout,0,Chl_a_log1p,0.7652474641799927,0.19502657651901245,True,245,42,auto
temperature,16S,leave_one_site_out,0,temperature,0.9926722645759583,0.7043558359146118,True,87,42,auto
temperature,16S,leave_one_site_out,0,salinity,0.7857205867767334,0.46727144718170166,True,87,42,auto
temperature,16S,leave_one_site_out,0,Chl_a_log1p,0.12001019716262817,-0.2902979850769043,True,79,42,auto
temperature,16S,leave_one_site_out,1,temperature,0.9849810004234314,0.6432299017906189,True,84,42,auto
temperature,16S,leave_one_site_out,1,salinity,0.8471119999885559,0.540822446346283,True,84,42,auto
temperature,16S,leave_one_site_out,1,Chl_a_log1p,-0.3059391975402832,-1.0361287593841553,True,79,42,auto
temperature,16S,leave_one_site_out,2,temperature,0.9936809539794922,0.7130521535873413,True,82,42,auto
temperature,16S,leave_one_site_out,2,salinity,0.8190190196037292,0.3974539041519165,True,82,42,auto
temperature,16S,leave_one_site_out,2,Chl_a_log1p,-0.21063125133514404,-0.5765119791030884,True,75,42,auto
temperature,16S,leave_one_site_out,3,temperature,0.9913325905799866,0.6857553720474243,True,88,42,auto
temperature,16S,leave_one_site_out,3,salinity,0.7602721452713013,0.45096510648727417,True,88,42,auto
temperature,16S,leave_one_site_out,3,Chl_a_log1p,-0.010054945945739746,-0.4624878168106079,True,82,42,auto
temperature,16S,leave_one_site_out,4,temperature,0.9787470698356628,0.3842763304710388,True,89,42,auto
temperature,16S,leave_one_site_out,4,salinity,0.45068156719207764,0.3386649489402771,True,88,42,auto
temperature,16S,leave_one_site_out,4,Chl_a_log1p,-0.06226956844329834,-0.43349671363830566,True,84,42,auto
temperature,16S,leave_one_site_out,5,temperature,0.5459007024765015,-0.888615608215332,True,91,42,auto
temperature,16S,leave_one_site_out,5,salinity,-186.7733917236328,-1011.6390991210938,True,90,42,auto
temperature,16S,leave_one_site_out,5,Chl_a_log1p,0.2140333652496338,-14.236061096191406,True,86,42,auto
temperature,16S,leave_one_site_out,6,temperature,0.9850731492042542,0.6280072927474976,True,90,42,auto
temperature,16S,leave_one_site_out,6,salinity,0.8433221578598022,0.432339072227478,True,89,42,auto
temperature,16S,leave_one_site_out,6,Chl_a_log1p,0.4180936813354492,0.3675991892814636,True,85,42,auto
temperature,16S,leave_one_site_out,7,temperature,0.9887574315071106,0.7542033195495605,True,89,42,auto
temperature,16S,leave_one_site_out,7,salinity,0.9280062913894653,0.780882716178894,True,88,42,auto
temperature,16S,leave_one_site_out,7,Chl_a_log1p,0.6261391639709473,0.5575727224349976,True,84,42,auto
temperature,16S,leave_one_site_out,8,temperature,0.9879525899887085,0.7842735052108765,True,91,42,auto
temperature,16S,leave_one_site_out,8,salinity,0.8749821186065674,0.7235040664672852,True,90,42,auto
temperature,16S,leave_one_site_out,8,Chl_a_log1p,0.6303366422653198,0.5069571733474731,True,85,42,auto
temperature,16S,leave_one_site_out,9,temperature,0.9880324006080627,0.7779439091682434,True,88,42,auto
temperature,16S,leave_one_site_out,9,salinity,0.8802878856658936,0.8257555961608887,True,87,42,auto
temperature,16S,leave_one_site_out,9,Chl_a_log1p,0.510511040687561,0.45407795906066895,True,83,42,auto
temperature,16S,leave_one_site_out,10,temperature,0.9912753701210022,0.6839053630828857,True,86,42,auto
temperature,16S,leave_one_site_out,10,salinity,0.9477905035018921,0.6966946125030518,True,85,42,auto
temperature,16S,leave_one_site_out,10,Chl_a_log1p,0.6534277200698853,0.4041252136230469,True,80,42,auto
temperature,16S,leave_one_site_out,11,temperature,0.9800050258636475,0.4807511568069458,True,89,42,auto
temperature,16S,leave_one_site_out,11,salinity,0.9013524055480957,0.36904817819595337,True,89,42,auto
temperature,16S,leave_one_site_out,11,Chl_a_log1p,0.24460864067077637,-11.080913543701172,True,84,42,auto
temperature,16S,leave_one_site_out,12,temperature,0.9865655303001404,0.6319077610969543,True,85,42,auto
temperature,16S,leave_one_site_out,12,salinity,0.8737193942070007,0.5276981592178345,True,85,42,auto
temperature,16S,leave_one_site_out,12,Chl_a_log1p,-0.15806996822357178,-2.373532772064209,True,77,42,auto
temperature,16S,leave_one_site_out,13,temperature,0.9803205728530884,0.5856348276138306,True,84,42,auto
temperature,16S,leave_one_site_out,13,salinity,0.8506177663803101,0.1723804473876953,True,84,42,auto
temperature,16S,leave_one_site_out,13,Chl_a_log1p,0.009951531887054443,-0.8465534448623657,True,78,42,auto
temperature,18S,temporal_holdout,0,temperature,0.709040641784668,-17.14407730102539,True,245,42,auto
temperature,18S,temporal_holdout,0,salinity,0.7317105531692505,-2.0049126148223877,True,245,42,auto
temperature,18S,temporal_holdout,0,Chl_a_log1p,0.7813256978988647,-0.4344431161880493,True,245,42,auto
temperature,18S,leave_one_site_out,0,temperature,0.9857887029647827,0.6337707042694092,True,87,42,auto
temperature,18S,leave_one_site_out,0,salinity,0.7110576629638672,0.459189236164093,True,87,42,auto
temperature,18S,leave_one_site_out,0,Chl_a_log1p,0.07813876867294312,-0.31544172763824463,True,79,42,auto
temperature,18S,leave_one_site_out,1,temperature,0.9806790351867676,0.8253421187400818,True,84,42,auto
temperature,18S,leave_one_site_out,1,salinity,0.6390384435653687,0.5552892684936523,True,84,42,auto
temperature,18S,leave_one_site_out,1,Chl_a_log1p,-0.21248626708984375,-0.5699435472488403,True,79,42,auto
temperature,18S,leave_one_site_out,2,temperature,0.9909664988517761,0.7977691292762756,True,82,42,auto
temperature,18S,leave_one_site_out,2,salinity,0.6708178520202637,0.6025334000587463,True,82,42,auto
temperature,18S,leave_one_site_out,2,Chl_a_log1p,-0.06105339527130127,-0.5330246686935425,True,75,42,auto
temperature,18S,leave_one_site_out,3,temperature,0.9844987988471985,0.7437185049057007,True,88,42,auto
temperature,18S,leave_one_site_out,3,salinity,0.636162281036377,0.04724007844924927,True,88,42,auto
temperature,18S,leave_one_site_out,3,Chl_a_log1p,-0.11839902400970459,-0.9246606826782227,True,82,42,auto
temperature,18S,leave_one_site_out,4,temperature,0.9846624732017517,0.7055580615997314,True,89,42,auto
temperature,18S,leave_one_site_out,4,salinity,0.42706960439682007,0.1570693850517273,True,88,42,auto
temperature,18S,leave_one_site_out,4,Chl_a_log1p,0.03764981031417847,0.020077228546142578,True,84,42,auto
temperature,18S,leave_one_site_out,5,temperature,0.8883469104766846,-41.419010162353516,True,91,42,auto
temperature,18S,leave_one_site_out,5,salinity,-887.6668090820312,-28456.89453125,True,90,42,auto
temperature,18S,leave_one_site_out,5,Chl_a_log1p,0.19839447736740112,-65.47638702392578,True,86,42,auto
temperature,18S,leave_one_site_out,6,temperature,0.9844926595687866,0.10963159799575806,True,90,42,auto
temperature,18S,leave_one_site_out,6,salinity,0.7901766300201416,0.6697437763214111,True,89,42,auto
temperature,18S,leave_one_site_out,6,Chl_a_log1p,0.4074813723564148,0.07452213764190674,True,85,42,auto
temperature,18S,leave_one_site_out,7,temperature,0.9882411360740662,0.7977964878082275,True,89,42,auto
temperature,18S,leave_one_site_out,7,salinity,0.878930389881134,0.5882920026779175,True,88,42,auto
temperature,18S,leave_one_site_out,7,Chl_a_log1p,0.540127158164978,-2.3390464782714844,True,84,42,auto
temperature,18S,leave_one_site_out,8,temperature,0.9895846843719482,0.8349671959877014,True,91,42,auto
temperature,18S,leave_one_site_out,8,salinity,0.8054512143135071,0.8277171850204468,False,90,42,auto
temperature,18S,leave_one_site_out,8,Chl_a_log1p,0.6560364365577698,0.5729847550392151,True,85,42,auto
temperature,18S,leave_one_site_out,9,temperature,0.9918402433395386,0.9021652340888977,True,88,42,auto
temperature,18S,leave_one_site_out,9,salinity,0.8051294684410095,0.8736852407455444,False,87,42,auto
temperature,18S,leave_one_site_out,9,Chl_a_log1p,0.5250076055526733,0.5136165618896484,True,83,42,auto
temperature,18S,leave_one_site_out,10,temperature,0.9914950132369995,0.8308597207069397,True,86,42,auto
temperature,18S,leave_one_site_out,10,salinity,0.8748061656951904,0.6606781482696533,True,85,42,auto
temperature,18S,leave_one_site_out,10,Chl_a_log1p,0.6714823246002197,0.7021256685256958,False,80,42,auto
temperature,18S,leave_one_site_out,11,temperature,0.9844502806663513,0.8339739441871643,True,89,42,auto
temperature,18S,leave_one_site_out,11,salinity,0.7726540565490723,0.7783427834510803,False,89,42,auto
temperature,18S,leave_one_site_out,11,Chl_a_log1p,0.3916756510734558,0.4163144826889038,False,84,42,auto
temperature,18S,leave_one_site_out,12,temperature,0.9847750663757324,0.8481242656707764,True,85,42,auto
temperature,18S,leave_one_site_out,12,salinity,0.6759182214736938,0.5262984037399292,True,85,42,auto
temperature,18S,leave_one_site_out,12,Chl_a_log1p,-0.04915416240692139,0.025725901126861572,False,77,42,auto
temperature,18S,leave_one_site_out,13,temperature,0.9807315468788147,0.7829421162605286,True,84,42,auto
temperature,18S,leave_one_site_out,13,salinity,0.7581615447998047,0.1426357626914978,True,84,42,auto
temperature,18S,leave_one_site_out,13,Chl_a_log1p,-0.19462811946868896,-0.28843915462493896,True,78,42,auto
temperature,16S+18S,temporal_holdout,0,temperature,0.5891966819763184,-11.03810977935791,True,245,42,auto
temperature,16S+18S,temporal_holdout,0,salinity,0.8077303171157837,0.4796960949897766,True,245,42,auto
temperature,16S+18S,temporal_holdout,0,Chl_a_log1p,0.7802198529243469,0.1513282060623169,True,245,42,auto
temperature,16S+18S,leave_one_site_out,0,temperature,0.9919514656066895,0.8602430820465088,True,87,42,auto
temperature,16S+18S,leave_one_site_out,0,salinity,0.8034734129905701,0.5647995471954346,True,87,42,auto
temperature,16S+18S,leave_one_site_out,0,Chl_a_log1p,0.0627475380897522,-0.013968586921691895,True,79,42,auto
temperature,16S+18S,leave_one_site_out,1,temperature,0.9829838275909424,0.8158459067344666,True,84,42,auto
temperature,16S+18S,leave_one_site_out,1,salinity,0.8337587714195251,0.7110653519630432,True,84,42,auto
temperature,16S+18S,leave_one_site_out,1,Chl_a_log1p,-0.4622596502304077,-0.6618965864181519,True,79,42,auto
temperature,16S+18S,leave_one_site_out,2,temperature,0.9925243258476257,0.8461171984672546,True,82,42,auto
temperature,16S+18S,leave_one_site_out,2,salinity,0.8578561544418335,0.6596744060516357,True,82,42,auto
temperature,16S+18S,leave_one_site_out,2,Chl_a_log1p,-0.18273115158081055,-0.579571008682251,True,75,42,auto
temperature,16S+18S,leave_one_site_out,3,temperature,0.9887390732765198,0.8558696508407593,True,88,42,auto
temperature,16S+18S,leave_one_site_out,3,salinity,0.6847568154335022,0.583069920539856,True,88,42,auto
temperature,16S+18S,leave_one_site_out,3,Chl_a_log1p,-0.012838482856750488,-0.4945712089538574,True,82,42,auto
temperature,16S+18S,leave_one_site_out,4,temperature,0.9837730526924133,0.5066884756088257,True,89,42,auto
temperature,16S+18S,leave_one_site_out,4,salinity,0.4517667889595032,0.19659298658370972,True,88,42,auto
temperature,16S+18S,leave_one_site_out,4,Chl_a_log1p,0.03223371505737305,-0.16649878025054932,True,84,42,auto
temperature,16S+18S,leave_one_site_out,5,temperature,0.746145486831665,-24.276485443115234,True,91,42,auto
temperature,16S+18S,leave_one_site_out,5,salinity,-130.43173217773438,-13298.095703125,True,90,42,auto
temperature,16S+18S,leave_one_site_out,5,Chl_a_log1p,0.3744264245033264,-66.08736419677734,True,86,42,auto
temperature,16S+18S,leave_one_site_out,6,temperature,0.9858288764953613,0.7197760343551636,True,90,42,auto
temperature,16S+18S,leave_one_site_out,6,salinity,0.8570617437362671,0.7407650351524353,True,89,42,auto
temperature,16S+18S,leave_one_site_out,6,Chl_a_log1p,0.38095057010650635,-0.8133310079574585,True,85,42,auto
temperature,16S+18S,leave_one_site_out,7,temperature,0.9896466135978699,0.8800495862960815,True,89,42,auto
temperature,16S+18S,leave_one_site_out,7,salinity,0.9094575643539429,0.7574025392532349,True,88,42,auto
temperature,16S+18S,leave_one_site_out,7,Chl_a_log1p,0.6220642328262329,-0.47886228561401367,True,84,42,auto
temperature,16S+18S,leave_one_site_out,8,temperature,0.9904746413230896,0.8771430253982544,True,91,42,auto
temperature,16S+18S,leave_one_site_out,8,salinity,0.8668314814567566,0.8485909700393677,True,90,42,auto
temperature,16S+18S,leave_one_site_out,8,Chl_a_log1p,0.6197586059570312,0.6217902898788452,False,85,42,auto
temperature,16S+18S,leave_one_site_out,9,temperature,0.9901956915855408,0.9242270588874817,True,88,42,auto
temperature,16S+18S,leave_one_site_out,9,salinity,0.8782970905303955,0.8934026956558228,False,87,42,auto
temperature,16S+18S,leave_one_site_out,9,Chl_a_log1p,0.4740481972694397,0.5499956011772156,False,83,42,auto
temperature,16S+18S,leave_one_site_out,10,temperature,0.9927606582641602,0.8422127366065979,True,86,42,auto
temperature,16S+18S,leave_one_site_out,10,salinity,0.9321180582046509,0.7945396900177002,True,85,42,auto
temperature,16S+18S,leave_one_site_out,10,Chl_a_log1p,0.6814539432525635,0.7107218503952026,False,80,42,auto
temperature,16S+18S,leave_one_site_out,11,temperature,0.9835447669029236,0.5108743906021118,True,89,42,auto
temperature,16S+18S,leave_one_site_out,11,salinity,0.8586549758911133,0.7892637848854065,True,89,42,auto
temperature,16S+18S,leave_one_site_out,11,Chl_a_log1p,0.3175085186958313,-3.5615577697753906,True,84,42,auto
temperature,16S+18S,leave_one_site_out,12,temperature,0.9848670959472656,0.8813529014587402,True,85,42,auto
temperature,16S+18S,leave_one_site_out,12,salinity,0.8111271858215332,0.6793984174728394,True,85,42,auto
temperature,16S+18S,leave_one_site_out,12,Chl_a_log1p,-0.10333847999572754,-0.7475301027297974,True,77,42,auto
temperature,16S+18S,leave_one_site_out,13,temperature,0.9752793312072754,0.8251110315322876,True,84,42,auto
temperature,16S+18S,leave_one_site_out,13,salinity,0.7778022885322571,0.5105711221694946,True,84,42,auto
temperature,16S+18S,leave_one_site_out,13,Chl_a_log1p,-0.0635378360748291,-0.41560685634613037,True,78,42,auto
salinity,16S,temporal_holdout,0,temperature,0.43169546127319336,-6.253901958465576,True,243,42,auto
salinity,16S,temporal_holdout,0,salinity,0.9271318316459656,0.225225031375885,True,243,42,auto
salinity,16S,temporal_holdout,0,Chl_a_log1p,0.8149185180664062,0.251076340675354,True,243,42,auto
salinity,16S,leave_one_site_out,0,temperature,0.9569380283355713,0.704554557800293,True,87,42,auto
salinity,16S,leave_one_site_out,0,salinity,0.9606807827949524,0.46803247928619385,True,87,42,auto
salinity,16S,leave_one_site_out,0,Chl_a_log1p,0.1744755506515503,-0.2825843095779419,True,79,42,auto
salinity,16S,leave_one_site_out,1,temperature,0.9485889673233032,0.6436235308647156,True,84,42,auto
salinity,16S,leave_one_site_out,1,salinity,0.968372642993927,0.5409563779830933,True,84,42,auto
salinity,16S,leave_one_site_out,1,Chl_a_log1p,-0.2130798101425171,-1.0292692184448242,True,79,42,auto
salinity,16S,leave_one_site_out,2,temperature,0.9500589370727539,0.7137408256530762,True,82,42,auto
salinity,16S,leave_one_site_out,2,salinity,0.9619471430778503,0.3948456645011902,True,82,42,auto
salinity,16S,leave_one_site_out,2,Chl_a_log1p,-0.03292274475097656,-0.5721871852874756,True,75,42,auto
salinity,16S,leave_one_site_out,3,temperature,0.9568774700164795,0.6854839324951172,True,88,42,auto
salinity,16S,leave_one_site_out,3,salinity,0.9206119179725647,0.4492456316947937,True,88,42,auto
salinity,16S,leave_one_site_out,3,Chl_a_log1p,-0.12070369720458984,-0.46494102478027344,True,82,42,auto
salinity,16S,leave_one_site_out,4,temperature,0.9359511137008667,0.38702940940856934,True,88,42,auto
salinity,16S,leave_one_site_out,4,salinity,0.6843297481536865,0.34115421772003174,True,88,42,auto
salinity,16S,leave_one_site_out,4,Chl_a_log1p,0.07066810131072998,-0.4291071891784668,True,83,42,auto
salinity,16S,leave_one_site_out,5,temperature,0.700458288192749,-0.9099588394165039,True,90,42,auto
salinity,16S,leave_one_site_out,5,salinity,-224.03160095214844,-1013.666748046875,True,90,42,auto
salinity,16S,leave_one_site_out,5,Chl_a_log1p,0.12070125341415405,-15.075946807861328,True,85,42,auto
salinity,16S,leave_one_site_out,6,temperature,0.9638015031814575,0.6287533044815063,True,89,42,auto
salinity,16S,leave_one_site_out,6,salinity,0.9503939151763916,0.43109554052352905,True,89,42,auto
salinity,16S,leave_one_site_out,6,Chl_a_log1p,0.566085696220398,0.35956817865371704,True,84,42,auto
salinity,16S,leave_one_site_out,7,temperature,0.9587106704711914,0.7544245719909668,True,88,42,auto
salinity,16S,leave_one_site_out,7,salinity,0.9732239246368408,0.7804874777793884,True,88,42,auto
salinity,16S,leave_one_site_out,7,Chl_a_log1p,0.6726475954055786,0.5554951429367065,True,83,42,auto
salinity,16S,leave_one_site_out,8,temperature,0.9684818387031555,0.7844629287719727,True,90,42,auto
salinity,16S,leave_one_site_out,8,salinity,0.9102413654327393,0.7239372730255127,True,90,42,auto
salinity,16S,leave_one_site_out,8,Chl_a_log1p,0.6134082674980164,0.5085577964782715,True,84,42,auto
salinity,16S,leave_one_site_out,9,temperature,0.9651450514793396,0.7780023217201233,True,87,42,auto
salinity,16S,leave_one_site_out,9,salinity,0.9402903914451599,0.8252774477005005,True,87,42,auto
salinity,16S,leave_one_site_out,9,Chl_a_log1p,0.5423768758773804,0.447662353515625,True,82,42,auto
salinity,16S,leave_one_site_out,10,temperature,0.9610331654548645,0.683979868888855,True,85,42,auto
salinity,16S,leave_one_site_out,10,salinity,0.977332353591919,0.6904934644699097,True,86,42,auto
salinity,16S,leave_one_site_out,10,Chl_a_log1p,0.6691954135894775,0.4213182330131531,True,80,42,auto
salinity,16S,leave_one_site_out,11,temperature,0.920365571975708,0.4717504382133484,True,89,42,auto
salinity,16S,leave_one_site_out,11,salinity,0.938937783241272,0.3661804795265198,True,89,42,auto
salinity,16S,leave_one_site_out,11,Chl_a_log1p,0.18699496984481812,-10.552604675292969,True,84,42,auto
salinity,16S,leave_one_site_out,12,temperature,0.9574350118637085,0.6313880681991577,True,85,42,auto
salinity,16S,leave_one_site_out,12,salinity,0.9696298241615295,0.5262094736099243,True,85,42,auto
salinity,16S,leave_one_site_out,12,Chl_a_log1p,-0.07883596420288086,-2.415827512741089,True,77,42,auto
salinity,16S,leave_one_site_out,13,temperature,0.950087308883667,0.5857094526290894,True,84,42,auto
salinity,16S,leave_one_site_out,13,salinity,0.9589199423789978,0.17030584812164307,True,84,42,auto
salinity,16S,leave_one_site_out,13,Chl_a_log1p,0.07046622037887573,-0.8542430400848389,True,78,42,auto
salinity,18S,temporal_holdout,0,temperature,0.6061681509017944,-17.57773208618164,True,243,42,auto
salinity,18S,temporal_holdout,0,salinity,0.9015619158744812,-2.0921616554260254,True,243,42,auto
salinity,18S,temporal_holdout,0,Chl_a_log1p,0.6724051237106323,-0.4518052339553833,True,243,42,auto
salinity,18S,leave_one_site_out,0,temperature,0.9297917485237122,0.6365566253662109,True,87,42,auto
salinity,18S,leave_one_site_out,0,salinity,0.8888722658157349,0.4581944942474365,True,87,42,auto
salinity,18S,leave_one_site_out,0,Chl_a_log1p,0.04496634006500244,-0.3341102600097656,True,79,42,auto
salinity,18S,leave_one_site_out,1,temperature,0.9257499575614929,0.8251899480819702,True,84,42,auto
salinity,18S,leave_one_site_out,1,salinity,0.9339778423309326,0.5553033351898193,True,84,42,auto
salinity,18S,leave_one_site_out,1,Chl_a_log1p,-0.15173494815826416,-0.57855224609375,True,79,42,auto
salinity,18S,leave_one_site_out,2,temperature,0.9504871368408203,0.7978009581565857,True,82,42,auto
salinity,18S,leave_one_site_out,2,salinity,0.9068663716316223,0.6028086543083191,True,82,42,auto
salinity,18S,leave_one_site_out,2,Chl_a_log1p,0.00243300199508667,-0.5255371332168579,True,75,42,auto
salinity,18S,leave_one_site_out,3,temperature,0.9487965703010559,0.7433589696884155,True,88,42,auto
salinity,18S,leave_one_site_out,3,salinity,0.9026920795440674,0.04653823375701904,True,88,42,auto
salinity,18S,leave_one_site_out,3,Chl_a_log1p,0.17986208200454712,-0.9118475914001465,True,82,42,auto
salinity,18S,leave_one_site_out,4,temperature,0.9433850646018982,0.7056255340576172,True,88,42,auto
salinity,18S,leave_one_site_out,4,salinity,0.6907357573509216,0.15375852584838867,True,88,42,auto
salinity,18S,leave_one_site_out,4,Chl_a_log1p,0.029156804084777832,0.017803609371185303,True,83,42,auto
salinity,18S,leave_one_site_out,5,temperature,0.6440289616584778,-41.048954010009766,True,90,42,auto
salinity,18S,leave_one_site_out,5,salinity,-465.4386291503906,-28527.607421875,True,90,42,auto
salinity,18S,leave_one_site_out,5,Chl_a_log1p,0.016356945037841797,-66.29888916015625,True,85,42,auto
salinity,18S,leave_one_site_out,6,temperature,0.9352758526802063,0.11510366201400757,True,89,42,auto
salinity,18S,leave_one_site_out,6,salinity,0.9322123527526855,0.6697766780853271,True,89,42,auto
salinity,18S,leave_one_site_out,6,Chl_a_log1p,0.409625768661499,0.051332056522369385,True,84,42,auto
salinity,18S,leave_one_site_out,7,temperature,0.9471603035926819,0.7852004766464233,True,88,42,auto
salinity,18S,leave_one_site_out,7,salinity,0.9623322486877441,0.5876227617263794,True,88,42,auto
salinity,18S,leave_one_site_out,7,Chl_a_log1p,0.6686393022537231,-2.5849978923797607,True,83,42,auto
salinity,18S,leave_one_site_out,8,temperature,0.9542961716651917,0.8339135646820068,True,90,42,auto
salinity,18S,leave_one_site_out,8,salinity,0.9109957218170166,0.8272198438644409,True,90,42,auto
salinity,18S,leave_one_site_out,8,Chl_a_log1p,0.7144696712493896,0.572752833366394,True,84,42,auto
salinity,18S,leave_one_site_out,9,temperature,0.9367489218711853,0.9021482467651367,True,87,42,auto
salinity,18S,leave_one_site_out,9,salinity,0.94069504737854,0.8737187385559082,True,87,42,auto
salinity,18S,leave_one_site_out,9,Chl_a_log1p,0.4742956757545471,0.5056621432304382,False,82,42,auto
salinity,18S,leave_one_site_out,10,temperature,0.9431517720222473,0.8295698761940002,True,85,42,auto
salinity,18S,leave_one_site_out,10,salinity,0.9607536196708679,0.6605559587478638,True,86,42,auto
salinity,18S,leave_one_site_out,10,Chl_a_log1p,0.643946647644043,0.7142690420150757,False,80,42,auto
salinity,18S,leave_one_site_out,11,temperature,0.9462373852729797,0.8345732688903809,True,89,42,auto
salinity,18S,leave_one_site_out,11,salinity,0.8818159103393555,0.778309166431427,True,89,42,auto
salinity,18S,leave_one_site_out,11,Chl_a_log1p,0.3013586401939392,0.4132867455482483,False,84,42,auto
salinity,18S,leave_one_site_out,12,temperature,0.9441682696342468,0.8495253324508667,True,85,42,auto
salinity,18S,leave_one_site_out,12,salinity,0.9179630279541016,0.5255981683731079,True,85,42,auto
salinity,18S,leave_one_site_out,12,Chl_a_log1p,-0.07710671424865723,0.02880150079727173,False,77,42,auto
salinity,18S,leave_one_site_out,13,temperature,0.9477176070213318,0.783077597618103,True,84,42,auto
salinity,18S,leave_one_site_out,13,salinity,0.8961204290390015,0.1424044966697693,True,84,42,auto
salinity,18S,leave_one_site_out,13,Chl_a_log1p,0.20397722721099854,-0.2827587127685547,True,78,42,auto
salinity,16S+18S,temporal_holdout,0,temperature,0.5609360933303833,-10.330151557922363,True,243,42,auto
salinity,16S+18S,temporal_holdout,0,salinity,0.9333266019821167,0.4653155207633972,True,243,42,auto
salinity,16S+18S,temporal_holdout,0,Chl_a_log1p,0.7929732203483582,0.12309068441390991,True,243,42,auto
salinity,16S+18S,leave_one_site_out,0,temperature,0.9642316102981567,0.8603982329368591,True,87,42,auto
salinity,16S+18S,leave_one_site_out,0,salinity,0.9527677297592163,0.5650514960289001,True,87,42,auto
salinity,16S+18S,leave_one_site_out,0,Chl_a_log1p,0.12388521432876587,-0.029270172119140625,True,79,42,auto
salinity,16S+18S,leave_one_site_out,1,temperature,0.9603928923606873,0.8161866068840027,True,84,42,auto
salinity,16S+18S,leave_one_site_out,1,salinity,0.9659999012947083,0.7111539840698242,True,84,42,auto
salinity,16S+18S,leave_one_site_out,1,Chl_a_log1p,-0.06251132488250732,-0.6700021028518677,True,79,42,auto
salinity,16S+18S,leave_one_site_out,2,temperature,0.9562755823135376,0.8465147018432617,True,82,42,auto
salinity,16S+18S,leave_one_site_out,2,salinity,0.9723809957504272,0.6590145826339722,True,82,42,auto
salinity,16S+18S,leave_one_site_out,2,Chl_a_log1p,-0.004349470138549805,-0.570926308631897,True,75,42,auto
salinity,16S+18S,leave_one_site_out,3,temperature,0.9625921249389648,0.8559091091156006,True,88,42,auto
salinity,16S+18S,leave_one_site_out,3,salinity,0.9234088063240051,0.5826549530029297,True,88,42,auto
salinity,16S+18S,leave_one_site_out,3,Chl_a_log1p,-0.1943809986114502,-0.4745481014251709,True,82,42,auto
salinity,16S+18S,leave_one_site_out,4,temperature,0.9589880108833313,0.5090173482894897,True,88,42,auto
salinity,16S+18S,leave_one_site_out,4,salinity,0.7027758359909058,0.1969098448753357,True,88,42,auto
salinity,16S+18S,leave_one_site_out,4,Chl_a_log1p,-0.07130002975463867,-0.173353910446167,True,83,42,auto
salinity,16S+18S,leave_one_site_out,5,temperature,0.5243932008743286,-24.183534622192383,True,90,42,auto
salinity,16S+18S,leave_one_site_out,5,salinity,-206.58973693847656,-13330.935546875,True,90,42,auto
salinity,16S+18S,leave_one_site_out,5,Chl_a_log1p,0.15101659297943115,-67.51583099365234,True,85,42,auto
salinity,16S+18S,leave_one_site_out,6,temperature,0.9570618271827698,0.7201023101806641,True,89,42,auto
salinity,16S+18S,leave_one_site_out,6,salinity,0.9501252174377441,0.7406712770462036,True,89,42,auto
salinity,16S+18S,leave_one_site_out,6,Chl_a_log1p,0.47827357053756714,-0.8362288475036621,True,84,42,auto
salinity,16S+18S,leave_one_site_out,7,temperature,0.9481558203697205,0.8697021007537842,True,88,42,auto
salinity,16S+18S,leave_one_site_out,7,salinity,0.9722453355789185,0.7575744986534119,True,88,42,auto
salinity,16S+18S,leave_one_site_out,7,Chl_a_log1p,0.7128801345825195,-0.2700306177139282,True,83,42,auto
salinity,16S+18S,leave_one_site_out,8,temperature,0.9675549864768982,0.8767625689506531,True,90,42,auto
salinity,16S+18S,leave_one_site_out,8,salinity,0.9128442406654358,0.8490389585494995,True,90,42,auto
salinity,16S+18S,leave_one_site_out,8,Chl_a_log1p,0.5894410610198975,0.6248871088027954,False,84,42,auto
salinity,16S+18S,leave_one_site_out,9,temperature,0.960388720035553,0.924333393573761,True,87,42,auto
salinity,16S+18S,leave_one_site_out,9,salinity,0.9387583136558533,0.8935168385505676,True,87,42,auto
salinity,16S+18S,leave_one_site_out,9,Chl_a_log1p,0.5286147594451904,0.5410724878311157,False,82,42,auto
salinity,16S+18S,leave_one_site_out,10,temperature,0.9648787379264832,0.8419350981712341,True,85,42,auto
salinity,16S+18S,leave_one_site_out,10,salinity,0.9785918593406677,0.7935165166854858,True,86,42,auto
salinity,16S+18S,leave_one_site_out,10,Chl_a_log1p,0.6549535989761353,0.7228337526321411,False,80,42,auto
salinity,16S+18S,leave_one_site_out,11,temperature,0.9294679760932922,0.46363717317581177,True,89,42,auto
salinity,16S+18S,leave_one_site_out,11,salinity,0.9421436190605164,0.7889784574508667,True,89,42,auto
salinity,16S+18S,leave_one_site_out,11,Chl_a_log1p,0.21618199348449707,-3.2058119773864746,True,84,42,auto
salinity,16S+18S,leave_one_site_out,12,temperature,0.9441854357719421,0.8814535737037659,True,85,42,auto
salinity,16S+18S,leave_one_site_out,12,salinity,0.9675432443618774,0.6793327927589417,True,85,42,auto
salinity,16S+18S,leave_one_site_out,12,Chl_a_log1p,-0.12461340427398682,-0.7508442401885986,True,77,42,auto
salinity,16S+18S,leave_one_site_out,13,temperature,0.955928385257721,0.824428379535675,True,84,42,auto
salinity,16S+18S,leave_one_site_out,13,salinity,0.9581924676895142,0.5103559494018555,True,84,42,auto
salinity,16S+18S,leave_one_site_out,13,Chl_a_log1p,-0.12971007823944092,-0.4190094470977783,True,78,42,auto
Chl_a_log1p,16S,temporal_holdout,0,temperature,-0.0071032047271728516,-6.294269561767578,True,243,42,auto
Chl_a_log1p,16S,temporal_holdout,0,salinity,0.685857892036438,0.2666149139404297,True,243,42,auto
Chl_a_log1p,16S,temporal_holdout,0,Chl_a_log1p,0.8133829236030579,-0.26106953620910645,True,287,42,auto
Chl_a_log1p,16S,leave_one_site_out,0,temperature,0.9219976663589478,0.6987709403038025,True,79,42,auto
Chl_a_log1p,16S,leave_one_site_out,0,salinity,0.7750222682952881,0.5729560852050781,True,79,42,auto
Chl_a_log1p,16S,leave_one_site_out,0,Chl_a_log1p,0.3889811635017395,-0.17666172981262207,True,100,42,auto
Chl_a_log1p,16S,leave_one_site_out,1,temperature,0.9509483575820923,0.6539276242256165,True,79,42,auto
Chl_a_log1p,16S,leave_one_site_out,1,salinity,0.764667809009552,0.4517406225204468,True,79,42,auto
Chl_a_log1p,16S,leave_one_site_out,1,Chl_a_log1p,0.2008659839630127,-1.0221571922302246,True,104,42,auto
Chl_a_log1p,16S,leave_one_site_out,2,temperature,0.9437341094017029,0.6952157616615295,True,75,42,auto
Chl_a_log1p,16S,leave_one_site_out,2,salinity,0.8547873497009277,0.2219824194908142,True,75,42,auto
Chl_a_log1p,16S,leave_one_site_out,2,Chl_a_log1p,0.16911786794662476,-0.6417983770370483,True,100,42,auto
Chl_a_log1p,16S,leave_one_site_out,3,temperature,0.9447624683380127,0.6972161531448364,True,82,42,auto
Chl_a_log1p,16S,leave_one_site_out,3,salinity,0.811424970626831,0.4250112771987915,True,82,42,auto
Chl_a_log1p,16S,leave_one_site_out,3,Chl_a_log1p,0.19947832822799683,-0.5125929117202759,True,100,42,auto
Chl_a_log1p,16S,leave_one_site_out,4,temperature,0.9205906391143799,0.4069637060165405,True,84,42,auto
Chl_a_log1p,16S,leave_one_site_out,4,salinity,0.4620637893676758,0.27926212549209595,True,83,42,auto
Chl_a_log1p,16S,leave_one_site_out,4,Chl_a_log1p,0.10586303472518921,-0.47958827018737793,True,106,42,auto
Chl_a_log1p,16S,leave_one_site_out,5,temperature,0.5306528210639954,-0.7075260877609253,True,86,42,auto
Chl_a_log1p,16S,leave_one_site_out,5,salinity,-318.56207275390625,-1174.5518798828125,True,85,42,auto
Chl_a_log1p,16S,leave_one_site_out,5,Chl_a_log1p,0.34932518005371094,-44.68472671508789,True,103,42,auto
Chl_a_log1p,16S,leave_one_site_out,6,temperature,0.9362276196479797,0.6540226936340332,True,85,42,auto
Chl_a_log1p,16S,leave_one_site_out,6,salinity,0.7923744916915894,0.4771174192428589,True,84,42,auto
Chl_a_log1p,16S,leave_one_site_out,6,Chl_a_log1p,0.6242913603782654,0.14870160818099976,True,105,42,auto
Chl_a_log1p,16S,leave_one_site_out,7,temperature,0.9279323816299438,0.752787172794342,True,84,42,auto
Chl_a_log1p,16S,leave_one_site_out,7,salinity,0.9023706912994385,0.7865403890609741,True,83,42,auto
Chl_a_log1p,16S,leave_one_site_out,7,Chl_a_log1p,0.7475358247756958,0.5025333762168884,True,104,42,auto
Chl_a_log1p,16S,leave_one_site_out,8,temperature,0.9233348965644836,0.779045820236206,True,85,42,auto
Chl_a_log1p,16S,leave_one_site_out,8,salinity,0.8453177213668823,0.7260657548904419,True,84,42,auto
Chl_a_log1p,16S,leave_one_site_out,8,Chl_a_log1p,0.6965982913970947,0.44476252794265747,True,102,42,auto
Chl_a_log1p,16S,leave_one_site_out,9,temperature,0.947706401348114,0.7766864895820618,True,83,42,auto
Chl_a_log1p,16S,leave_one_site_out,9,salinity,0.8859899044036865,0.8292723298072815,True,82,42,auto
Chl_a_log1p,16S,leave_one_site_out,9,Chl_a_log1p,0.6221127510070801,0.4564847946166992,True,104,42,auto
Chl_a_log1p,16S,leave_one_site_out,10,temperature,0.9436350464820862,0.6817662119865417,True,80,42,auto
Chl_a_log1p,16S,leave_one_site_out,10,salinity,0.9364937543869019,0.7001285552978516,True,80,42,auto
Chl_a_log1p,16S,leave_one_site_out,10,Chl_a_log1p,0.8007888793945312,0.3103485703468323,True,104,42,auto
Chl_a_log1p,16S,leave_one_site_out,11,temperature,0.9120216369628906,0.6501758098602295,True,84,42,auto
Chl_a_log1p,16S,leave_one_site_out,11,salinity,0.8682081699371338,0.3575640916824341,True,84,42,auto
Chl_a_log1p,16S,leave_one_site_out,11,Chl_a_log1p,0.4262257218360901,-0.4192798137664795,True,104,42,auto
Chl_a_log1p,16S,leave_one_site_out,12,temperature,0.9446544647216797,0.622089147567749,True,77,42,auto
Chl_a_log1p,16S,leave_one_site_out,12,salinity,0.7492569088935852,0.5187758803367615,True,77,42,auto
Chl_a_log1p,16S,leave_one_site_out,12,Chl_a_log1p,0.3916371464729309,-1.3641016483306885,True,99,42,auto
Chl_a_log1p,16S,leave_one_site_out,13,temperature,0.9448850154876709,0.5853849649429321,True,78,42,auto
Chl_a_log1p,16S,leave_one_site_out,13,salinity,0.7978785037994385,0.10465764999389648,True,78,42,auto
Chl_a_log1p,16S,leave_one_site_out,13,Chl_a_log1p,0.0542563796043396,-1.0965776443481445,True,102,42,auto
Chl_a_log1p,18S,temporal_holdout,0,temperature,0.40131938457489014,-13.444965362548828,True,243,42,auto
Chl_a_log1p,18S,temporal_holdout,0,salinity,0.6676028966903687,-0.025058984756469727,True,243,42,auto
Chl_a_log1p,18S,temporal_holdout,0,Chl_a_log1p,0.8450428247451782,-2.7607171535491943,True,287,42,auto
Chl_a_log1p,18S,leave_one_site_out,0,temperature,0.8849442005157471,0.7170856595039368,True,79,42,auto
Chl_a_log1p,18S,leave_one_site_out,0,salinity,0.6318283081054688,0.4577661156654358,True,79,42,auto
Chl_a_log1p,18S,leave_one_site_out,0,Chl_a_log1p,0.33248370885849,-0.4060535430908203,True,100,42,auto
Chl_a_log1p,18S,leave_one_site_out,1,temperature,0.9130843281745911,0.820801317691803,True,79,42,auto
Chl_a_log1p,18S,leave_one_site_out,1,salinity,0.531557559967041,0.5286083221435547,True,79,42,auto
Chl_a_log1p,18S,leave_one_site_out,1,Chl_a_log1p,0.2916632890701294,-0.5638409852981567,True,104,42,auto
Chl_a_log1p,18S,leave_one_site_out,2,temperature,0.8949393630027771,0.7847434878349304,True,75,42,auto
Chl_a_log1p,18S,leave_one_site_out,2,salinity,0.6375271081924438,0.6156477928161621,True,75,42,auto
Chl_a_log1p,18S,leave_one_site_out,2,Chl_a_log1p,0.18764203786849976,-0.31525278091430664,True,100,42,auto
Chl_a_log1p,18S,leave_one_site_out,3,temperature,0.9142221808433533,0.7612885236740112,True,82,42,auto
Chl_a_log1p,18S,leave_one_site_out,3,salinity,0.5985384583473206,0.19823557138442993,True,82,42,auto
Chl_a_log1p,18S,leave_one_site_out,3,Chl_a_log1p,0.1822248101234436,-1.1924002170562744,True,100,42,auto
Chl_a_log1p,18S,leave_one_site_out,4,temperature,0.9116528630256653,0.7596001625061035,True,84,42,auto
Chl_a_log1p,18S,leave_one_site_out,4,salinity,0.4454043507575989,0.20625931024551392,True,83,42,auto
Chl_a_log1p,18S,leave_one_site_out,4,Chl_a_log1p,-0.004833698272705078,-0.1741194725036621,True,106,42,auto
Chl_a_log1p,18S,leave_one_site_out,5,temperature,0.7929748296737671,-36.55447769165039,True,86,42,auto
Chl_a_log1p,18S,leave_one_site_out,5,salinity,-1261.881591796875,-29608.9296875,True,85,42,auto
Chl_a_log1p,18S,leave_one_site_out,5,Chl_a_log1p,0.2995663285255432,-68.60334777832031,True,103,42,auto
Chl_a_log1p,18S,leave_one_site_out,6,temperature,0.9317653179168701,0.1163836121559143,True,85,42,auto
Chl_a_log1p,18S,leave_one_site_out,6,salinity,0.8300864696502686,0.7324657440185547,True,84,42,auto
Chl_a_log1p,18S,leave_one_site_out,6,Chl_a_log1p,0.6314584612846375,0.18396919965744019,True,105,42,auto
Chl_a_log1p,18S,leave_one_site_out,7,temperature,0.9283549189567566,0.8826523423194885,True,84,42,auto
Chl_a_log1p,18S,leave_one_site_out,7,salinity,0.8852617740631104,0.7244204878807068,True,83,42,auto
Chl_a_log1p,18S,leave_one_site_out,7,Chl_a_log1p,0.7305516004562378,-1.71634840965271,True,104,42,auto
Chl_a_log1p,18S,leave_one_site_out,8,temperature,0.9357395768165588,0.836457371711731,True,85,42,auto
Chl_a_log1p,18S,leave_one_site_out,8,salinity,0.8755931258201599,0.8568283319473267,True,84,42,auto
Chl_a_log1p,18S,leave_one_site_out,8,Chl_a_log1p,0.7483677864074707,0.5683803558349609,True,102,42,auto
Chl_a_log1p,18S,leave_one_site_out,9,temperature,0.9211139678955078,0.8788554668426514,True,83,42,auto
Chl_a_log1p,18S,leave_one_site_out,9,salinity,0.8539197444915771,0.8647372722625732,False,82,42,auto
Chl_a_log1p,18S,leave_one_site_out,9,Chl_a_log1p,0.5981935262680054,0.5316985249519348,True,104,42,auto
Chl_a_log1p,18S,leave_one_site_out,10,temperature,0.9014443755149841,0.8429967761039734,True,80,42,auto
Chl_a_log1p,18S,leave_one_site_out,10,salinity,0.8890255689620972,0.660933792591095,True,80,42,auto
Chl_a_log1p,18S,leave_one_site_out,10,Chl_a_log1p,0.7954367399215698,0.6744794845581055,True,104,42,auto
Chl_a_log1p,18S,leave_one_site_out,11,temperature,0.8841460943222046,0.8384702801704407,True,84,42,auto
Chl_a_log1p,18S,leave_one_site_out,11,salinity,0.8426835536956787,0.8000298738479614,True,84,42,auto
Chl_a_log1p,18S,leave_one_site_out,11,Chl_a_log1p,0.5170846581459045,0.2677198052406311,True,104,42,auto
Chl_a_log1p,18S,leave_one_site_out,12,temperature,0.8943220376968384,0.8514530062675476,True,77,42,auto
Chl_a_log1p,18S,leave_one_site_out,12,salinity,0.5898939371109009,0.4923208951950073,True,77,42,auto
Chl_a_log1p,18S,leave_one_site_out,12,Chl_a_log1p,0.37979578971862793,0.09788262844085693,True,99,42,auto
Chl_a_log1p,18S,leave_one_site_out,13,temperature,0.9010729789733887,0.7809277772903442,True,78,42,auto
Chl_a_log1p,18S,leave_one_site_out,13,salinity,0.5625140070915222,-0.4319840669631958,True,78,42,auto
Chl_a_log1p,18S,leave_one_site_out,13,Chl_a_log1p,0.13159781694412231,-0.48335790634155273,True,102,42,auto
Chl_a_log1p,16S+18S,temporal_holdout,0,temperature,0.3231600522994995,-7.762296676635742,True,243,42,auto
Chl_a_log1p,16S+18S,temporal_holdout,0,salinity,0.7295314073562622,0.3627244830131531,True,243,42,auto
Chl_a_log1p,16S+18S,temporal_holdout,0,Chl_a_log1p,0.8522816300392151,-0.5418628454208374,True,287,42,auto
Chl_a_log1p,16S+18S,leave_one_site_out,0,temperature,0.9210848212242126,0.8571370840072632,True,79,42,auto
Chl_a_log1p,16S+18S,leave_one_site_out,0,salinity,0.7242249250411987,0.659557580947876,True,79,42,auto
Chl_a_log1p,16S+18S,leave_one_site_out,0,Chl_a_log1p,0.3468400239944458,-0.6758145093917847,True,100,42,auto
Chl_a_log1p,16S+18S,leave_one_site_out,1,temperature,0.9445778131484985,0.8124950528144836,True,79,42,auto
Chl_a_log1p,16S+18S,leave_one_site_out,1,salinity,0.6604964137077332,0.7194226980209351,False,79,42,auto
Chl_a_log1p,16S+18S,leave_one_site_out,1,Chl_a_log1p,0.22507500648498535,-0.36366748809814453,True,104,42,auto
Chl_a_log1p,16S+18S,leave_one_site_out,2,temperature,0.9390583038330078,0.8299596905708313,True,75,42,auto
Chl_a_log1p,16S+18S,leave_one_site_out,2,salinity,0.8294370174407959,0.5978918075561523,True,75,42,auto
Chl_a_log1p,16S+18S,leave_one_site_out,2,Chl_a_log1p,0.21459835767745972,-0.364121675491333,True,100,42,auto
Chl_a_log1p,16S+18S,leave_one_site_out,3,temperature,0.9544118046760559,0.8625280261039734,True,82,42,auto
Chl_a_log1p,16S+18S,leave_one_site_out,3,salinity,0.760032057762146,0.6873564124107361,True,82,42,auto
Chl_a_log1p,16S+18S,leave_one_site_out,3,Chl_a_log1p,0.12902158498764038,-0.5698022842407227,True,100,42,auto
Chl_a_log1p,16S+18S,leave_one_site_out,4,temperature,0.9209429621696472,0.5844219923019409,True,84,42,auto
Chl_a_log1p,16S+18S,leave_one_site_out,4,salinity,0.40582215785980225,0.14771020412445068,True,83,42,auto
Chl_a_log1p,16S+18S,leave_one_site_out,4,Chl_a_log1p,0.10215848684310913,-0.30544841289520264,True,106,42,auto
Chl_a_log1p,16S+18S,leave_one_site_out,5,temperature,0.867889940738678,-21.73313331604004,True,86,42,auto
Chl_a_log1p,16S+18S,leave_one_site_out,5,salinity,-353.3391418457031,-12070.32421875,True,85,42,auto
Chl_a_log1p,16S+18S,leave_one_site_out,5,Chl_a_log1p,0.328185498714447,-88.22534942626953,True,103,42,auto
Chl_a_log1p,16S+18S,leave_one_site_out,6,temperature,0.9450437426567078,0.7495794296264648,True,85,42,auto
Chl_a_log1p,16S+18S,leave_one_site_out,6,salinity,0.7581380605697632,0.7786233425140381,False,84,42,auto
Chl_a_log1p,16S+18S,leave_one_site_out,6,Chl_a_log1p,0.6250646114349365,-0.7846425771713257,True,105,42,auto
Chl_a_log1p,16S+18S,leave_one_site_out,7,temperature,0.9206256866455078,0.8992686867713928,True,84,42,auto
Chl_a_log1p,16S+18S,leave_one_site_out,7,salinity,0.927455484867096,0.8328502774238586,True,83,42,auto
Chl_a_log1p,16S+18S,leave_one_site_out,7,Chl_a_log1p,0.781924843788147,-0.020875096321105957,True,104,42,auto
Chl_a_log1p,16S+18S,leave_one_site_out,8,temperature,0.9464820027351379,0.8794224262237549,True,85,42,auto
Chl_a_log1p,16S+18S,leave_one_site_out,8,salinity,0.875583291053772,0.8638094663619995,True,84,42,auto
Chl_a_log1p,16S+18S,leave_one_site_out,8,Chl_a_log1p,0.7473021745681763,0.6110665798187256,True,102,42,auto
Chl_a_log1p,16S+18S,leave_one_site_out,9,temperature,0.9473247528076172,0.913434624671936,True,83,42,auto
Chl_a_log1p,16S+18S,leave_one_site_out,9,salinity,0.8553736805915833,0.8909075260162354,False,82,42,auto
Chl_a_log1p,16S+18S,leave_one_site_out,9,Chl_a_log1p,0.5921909809112549,0.5699743032455444,True,104,42,auto
Chl_a_log1p,16S+18S,leave_one_site_out,10,temperature,0.9442517161369324,0.8444197773933411,True,80,42,auto
Chl_a_log1p,16S+18S,leave_one_site_out,10,salinity,0.9123689532279968,0.7955237627029419,True,80,42,auto
Chl_a_log1p,16S+18S,leave_one_site_out,10,Chl_a_log1p,0.83251953125,0.6891326904296875,True,104,42,auto
Chl_a_log1p,16S+18S,leave_one_site_out,11,temperature,0.9209385514259338,0.7847492098808289,True,84,42,auto
Chl_a_log1p,16S+18S,leave_one_site_out,11,salinity,0.8548771142959595,0.7542287111282349,True,84,42,auto
Chl_a_log1p,16S+18S,leave_one_site_out,11,Chl_a_log1p,0.5126086473464966,0.13671022653579712,True,104,42,auto
Chl_a_log1p,16S+18S,leave_one_site_out,12,temperature,0.9436843395233154,0.8734486103057861,True,77,42,auto
Chl_a_log1p,16S+18S,leave_one_site_out,12,salinity,0.7522631883621216,0.6426005363464355,True,77,42,auto
Chl_a_log1p,16S+18S,leave_one_site_out,12,Chl_a_log1p,0.411393940448761,-0.24208009243011475,True,99,42,auto
Chl_a_log1p,16S+18S,leave_one_site_out,13,temperature,0.9366928339004517,0.8413858413696289,True,78,42,auto
Chl_a_log1p,16S+18S,leave_one_site_out,13,salinity,0.6859815120697021,0.409493088722229,True,78,42,auto
Chl_a_log1p,16S+18S,leave_one_site_out,13,Chl_a_log1p,0.1457371711730957,-0.5473536252975464,True,102,42,auto
