,,,R2,R2,R2,R2,MAE,MAE,MAE,MAE,RMSE,RMSE,RMSE,RMSE
,,,Lasso,RF,XGBoost,TabPFN,Lasso,RF,XGBoost,TabPFN,Lasso,RF,XGBoost,TabPFN
target,input,strategy,,,,,,,,,,,,
Atrazine,16S,leave_one_site_out,0.0531370010509077,0.0779393749051113,-0.0090375486982584,0.0736,0.2771170801228036,0.2609440571450002,0.2668756039827311,0.185,0.5936870063391613,0.572576368473092,0.6270212232791973,0.553
Atrazine,16S,random_kfold,0.0714,0.1182,-0.0342,0.1497,0.272,0.254,0.267,0.186,0.707,0.685,0.73,0.678
Atrazine,16S,temporal_blocked_kfold,-0.091,-0.1012,-0.1045,-0.0412,0.318,0.276,0.27,0.177,0.677,0.674,0.685,0.631
Atrazine,16S,temporal_holdout,-0.0111960048901604,0.0557777330032591,0.038222032063556,-0.0057,0.2505667664597529,0.1603172526693046,0.2198549715296704,0.112,0.5956985970643283,0.5756334511779793,0.5809601140611066,0.594
Atrazine,16S+18S,leave_one_site_out,0.0378774607423357,0.0784577605918458,-0.0591190955597637,0.0796,0.2492611243088688,0.2549821040129217,0.248089324788326,0.183,0.5820932634537466,0.5646213045692837,0.6342088864869055,0.549
Atrazine,16S+18S,random_kfold,0.0837103295237353,0.1549416425309711,-0.0775713887719967,0.168,0.2588590005118399,0.2510816829397958,0.2501818041201658,0.183,0.7056394422329776,0.672029585575534,0.7495615480653783,0.671
Atrazine,16S+18S,temporal_blocked_kfold,-0.0581127303103185,-0.1368403737025253,-0.6436379808183705,-0.0455,0.3057221535394886,0.2995272792566614,0.3309438066862046,0.183,0.6628339983763001,0.7018545661772011,0.8310749057195996,0.635
Atrazine,16S+18S,temporal_holdout,-0.0068082069809454,0.0219251853157023,-0.6575601835112159,-0.014,0.2369411488168573,0.1463122810485714,0.2178505016043204,0.111,0.5944047595289487,0.5858614778053977,0.7626821070396707,0.597
Atrazine,18S,leave_one_site_out,0.0139498266060275,0.0610268489154806,-0.1033562789985157,0.0789,0.2615474287157914,0.2571197699598916,0.2530305730923778,0.183,0.5886046357411114,0.5636002959633796,0.6169624314389613,0.55
Atrazine,18S,random_kfold,-0.0204285906855933,0.1917346742192498,0.0764959586050809,0.1745,0.2769570103915296,0.2536688647035192,0.242890714409646,0.183,0.7382041947354747,0.6610715462829118,0.7038612084719169,0.669
Atrazine,18S,temporal_blocked_kfold,-0.0468018714086845,-0.2041696515069376,-0.7043209630998695,-0.0432,0.3039529503242832,0.3143267671801804,0.3400559125872801,0.181,0.6638995578169637,0.7202900118453052,0.8853066498252466,0.637
Atrazine,18S,temporal_holdout,-0.0118585254252219,0.0124126514308382,-0.6748263023538745,-0.0194,0.252540144204419,0.1558042230269518,0.190392710534177,0.106,0.595893711526939,0.5887035621086925,0.766644088216105,0.598
Caffeine,16S,leave_one_site_out,0.0044,0.3937725388412555,0.289510321320707,0.4331,16.385,13.161086080672463,13.094989341505787,11.425,28.924,23.808641351450365,24.058421438148788,22.142
Caffeine,16S,random_kfold,0.4386,0.6221,0.6002,0.6887,16.182,12.383,12.233,10.581,29.072,23.981,24.394,21.812
Caffeine,16S,temporal_blocked_kfold,-259.389,0.292,0.2454,0.3416,103.731,19.03,18.985,17.34,303.717,30.351,31.081,29.316
Caffeine,16S,temporal_holdout,-1.4935,0.4203,0.4307252891867994,0.4995,23.207,10.659,10.527007969405298,9.317,38.957,18.784,18.61425701169278,17.454
Caffeine,16S+18S,leave_one_site_out,-2.0637,0.4067859838157466,0.2437255806931512,0.3916,18.007,12.823780196741206,12.74857235309604,12.232,39.027,23.558350200296207,24.134844300834803,23.407
Caffeine,16S+18S,random_kfold,0.4935,0.6327713853777623,0.6349642693327345,0.6581,14.764,12.075141788372967,12.088062825463975,10.948,27.683,23.63458668025103,23.49462133563605,22.839
Caffeine,16S+18S,temporal_blocked_kfold,-6.1965,0.2515099887302406,0.2275652377241038,0.2291,38.211,19.932531563410688,19.736414748087903,18.55,73.113,31.288218193485363,31.61261220309229,31.18
Caffeine,16S+18S,temporal_holdout,0.2746,0.3729988362377352,0.311020853352521,0.3577,12.828,10.844517482880535,11.482517743665118,10.109,21.012,19.5352482180826,20.478012275848965,19.772
Caffeine,18S,leave_one_site_out,-27.9064,0.2522737817067073,-0.0093855619062076,0.347,35.429,14.588187826452872,14.646545216887288,12.859,79.525,26.342986364016408,28.026785974619592,24.628
Caffeine,18S,random_kfold,0.401,0.5191320992435502,0.4338840723750626,0.5976,16.307,13.723088595126177,14.142639891017126,11.926,29.947,27.023231759100646,28.925416634910324,24.684
Caffeine,18S,temporal_blocked_kfold,-682.0566,-0.0132425089977134,-0.1053725925868104,0.0253,265.224,21.757191850498693,23.286333361079315,19.96,742.18,35.58889220115596,36.57681859602119,34.693
Caffeine,18S,temporal_holdout,0.0983,0.1523976040478066,0.1958553968235197,0.2128,13.416,11.06828338279767,12.584864662229554,10.498,23.427,22.713331956940625,22.12339819371444,21.888
Chl_a_log1p,16S,leave_one_site_out,-3.1748,0.3381,0.3148,0.3998,0.589,0.326,0.32,0.296,0.893,0.467,0.467,0.441
Chl_a_log1p,16S,random_kfold,0.4641,0.7564,0.7634,0.7828,0.445,0.315,0.306,0.284,,0.461,0.455,0.435
Chl_a_log1p,16S,temporal_blocked_kfold,-35.9919,0.6264,0.6056,0.6401,1.625,0.391,0.402,0.38,4.39,0.529,0.546,0.517
Chl_a_log1p,16S,temporal_holdout,0.4113,0.7838,0.7204,0.8214,0.495,0.318,0.356,0.283,0.699,0.423,0.482,0.385
Chl_a_log1p,16S+18S,leave_one_site_out,-2.1503,0.3518,0.3597,0.4238,0.489,0.32,0.309,0.286,0.828,0.457,0.45,0.429
Chl_a_log1p,16S+18S,random_kfold,0.6654,0.7682,0.7731,0.7937,0.36,0.305,0.297,0.275,,0.451,0.446,0.424
Chl_a_log1p,16S+18S,temporal_blocked_kfold,-6.7183,0.646,0.6642,0.6625,1.041,0.379,0.363,0.359,2.148,0.512,0.504,0.495
Chl_a_log1p,16S+18S,temporal_holdout,-0.1812,0.8156,0.8117,0.8484,0.633,0.295,0.293,0.255,0.99,0.391,0.395,0.355
Chl_a_log1p,18S,leave_one_site_out,-0.3226,0.2881,0.3211,0.4144,0.428,0.336,0.321,0.29,0.631,0.476,0.462,0.43
Chl_a_log1p,18S,random_kfold,0.5623,0.7544,0.7533,0.7915,0.383,0.317,0.315,0.278,,0.464,0.466,0.427
Chl_a_log1p,18S,temporal_blocked_kfold,-55.5269,0.624,0.6503,0.6808,1.715,0.39,0.374,0.346,4.798,0.531,0.517,0.487
Chl_a_log1p,18S,temporal_holdout,-1.7033,0.8063,0.8127,0.8406,0.84,0.297,0.291,0.257,1.497,0.401,0.394,0.364
Metoprolol,16S,leave_one_site_out,-2.0477,-1.7684807013014685,-2.118052905188238,-1.7025,19.308,15.70362793907547,15.591124781309231,13.262,29.481,24.26679405455605,26.637370294947186,21.818
Metoprolol,16S,random_kfold,0.3427,0.4953,0.4769,0.5434,17.272,13.595,13.389,11.703,32.085,28.081,28.388,26.769
Metoprolol,16S,temporal_blocked_kfold,-0.4687,0.0424,-0.3674,0.1051,22.113,18.524,19.802,17.053,37.439,33.198,37.741,33.079
Metoprolol,16S,temporal_holdout,0.1746,0.2478228714069619,0.2218400900643418,0.0803,16.415,11.60788495966937,11.469427391553015,11.157,27.002,25.77650939388052,26.217934256581746,28.503
Metoprolol,16S+18S,leave_one_site_out,-138.65381212461023,-1.896988546938768,-2.32194259557856,-1.4579,33.45868046116373,15.733096493851113,15.642791833028095,13.477,92.1472382338734,24.26449534146869,25.73207173805528,22.074
Metoprolol,16S+18S,random_kfold,0.3235,0.4902641455379238,0.4664098280115817,0.5342,17.257,13.534795008977062,13.66313271397529,11.863,32.54,28.21183694778572,28.836057897956643,27.044
Metoprolol,16S+18S,temporal_blocked_kfold,-1.1582,-0.0012342847845778,-0.3978849656414506,0.1139,24.317,19.24893754700416,20.38025820388708,17.023,44.922,33.83996814479478,37.45914038842212,32.957
Metoprolol,16S+18S,temporal_holdout,0.1774,0.2382390609887595,0.1921714244811292,0.0652,15.922,11.321202755182693,11.44124937536173,11.639,26.956,25.94020438132827,26.713060611747103,28.736
Metoprolol,18S,leave_one_site_out,-135.5747,-2.840061461261049,-1.6957084698176923,-2.1418,38.24,17.747572025199794,17.556770860015224,14.536,93.637,26.97769439111886,26.97256237389983,23.2
Metoprolol,18S,random_kfold,0.2635,0.3684905414074321,0.3330395093272339,0.4679,19.347,16.044762547388167,16.485331834971376,12.895,33.986,31.21751923641885,32.17102468778886,28.725
Metoprolol,18S,temporal_blocked_kfold,-1.251,-0.1789062216486445,-0.2403994354742584,-0.0199,26.234,21.13796283709592,22.589194921040995,18.705,45.737,36.18865643369744,37.14180763568693,35.176
Metoprolol,18S,temporal_holdout,0.0484,0.1351303882880385,0.0719671550898807,0.0877,18.06,13.125398528909558,13.458418228267242,11.997,28.992,27.64008426693531,28.63160654236653,28.388
salinity,16S,leave_one_site_out,-44.4136,-26.3063,-21.9691,-8.2956,1.95,1.044,0.982,0.674,2.592,1.419,1.337,0.975
salinity,16S,random_kfold,0.6971,0.9505,0.9521,0.9702,1.899,0.77,0.774,0.513,,1.151,1.132,0.893
salinity,16S,temporal_blocked_kfold,-1.6188,0.894,0.9109,0.9225,3.607,1.127,1.024,0.901,6.333,1.538,1.415,1.314
salinity,16S,temporal_holdout,0.4462,0.9204,0.9251,0.9247,2.347,0.823,0.758,0.783,3.255,1.234,1.197,1.201
salinity,16S+18S,leave_one_site_out,-1728.6179,-29.9356,-22.8293,-13.9414,2.5,1.086,1.015,0.721,4.895,1.459,1.36,1.041
salinity,16S+18S,random_kfold,0.8038,0.9489,0.9511,0.9706,1.544,0.794,0.772,0.514,,1.172,1.144,0.885
salinity,16S+18S,temporal_blocked_kfold,-35.9136,0.8907,0.9091,0.9295,7.916,1.163,1.062,0.857,20.948,1.557,1.426,1.249
salinity,16S+18S,temporal_holdout,-0.1872,0.9159,0.91,0.9344,3.072,0.855,0.913,0.699,4.766,1.269,1.312,1.121
salinity,18S,leave_one_site_out,-1532.8187,-60.1234,-55.9923,-35.1616,2.661,1.45,1.38,1.046,5.099,1.934,1.843,1.436
salinity,18S,random_kfold,0.7592,0.9167,0.9265,0.953,1.699,1.031,0.97,0.732,,1.505,1.411,1.124
salinity,18S,temporal_blocked_kfold,-59.888,0.8254,0.8434,0.8772,10.274,1.525,1.453,1.268,24.952,1.973,1.872,1.659
salinity,18S,temporal_holdout,-1.342,0.8949,0.8774,0.9017,4.225,1.11,1.161,1.073,6.694,1.418,1.532,1.371
temperature,16S,leave_one_site_out,0.6005,0.906,0.9135,0.9552,2.768,1.07,1.067,0.755,3.866,1.448,1.433,1.006
temperature,16S,random_kfold,0.6746,0.9662,0.9687,0.9852,2.578,0.815,0.814,0.565,,1.147,1.105,0.763
temperature,16S,temporal_blocked_kfold,-22.145,-0.0069,0.1375,0.5054,7.372,2.2,2.009,1.319,12.228,2.737,2.497,1.709
temperature,16S,temporal_holdout,-16.3173,0.0076,0.316,0.6336,5.807,1.823,1.512,1.088,9.473,2.268,1.883,1.378
temperature,16S+18S,leave_one_site_out,0.5075,0.9499,0.9423,0.9738,2.035,0.917,0.959,0.652,3.472,1.22,1.24,0.873
temperature,16S+18S,random_kfold,0.8368,0.9707,0.9725,0.9863,1.705,0.772,0.764,0.552,,1.075,1.039,0.735
temperature,16S+18S,temporal_blocked_kfold,-400.4392,-0.9972,-0.6261,0.5698,17.947,3.071,2.812,1.315,48.484,3.76,3.418,1.648
temperature,16S+18S,temporal_holdout,-44.9346,0.2615,0.3719,0.6345,7.835,1.623,1.482,1.09,15.428,1.956,1.804,1.376
temperature,18S,leave_one_site_out,-0.6217,0.9492,0.9516,0.9807,2.671,0.926,0.964,0.614,5.457,1.358,1.299,0.817
temperature,18S,random_kfold,0.75,0.9584,0.9637,0.985,1.913,0.862,0.862,0.574,,1.279,1.194,0.768
temperature,18S,temporal_blocked_kfold,-214.3508,-0.524,-0.299,0.5629,13.183,2.81,2.595,1.35,32.558,3.363,3.117,1.711
temperature,18S,temporal_holdout,-95.1117,0.3638,0.0458,0.7227,10.773,1.439,1.804,0.954,22.316,1.816,2.224,1.199
