target,k,site,n_pairs,n_dropped_gap,n_distinct,pct_zero,pearson,spearman,usable
temperature,1,Boergerende Strand,79,0,72,0.0,0.9798318291299789,0.9465317127677548,True
temperature,1,Diedrichshagen,75,0,70,0.0,0.9751467450512992,0.9526068710434598,True
temperature,1,Elmenhorst Strand,73,1,67,0.0,0.980741310771487,0.9579441054922183,True
temperature,1,Jemnitzschleuse,80,1,75,0.0,0.9782763683136158,0.9520588890321522,True
temperature,1,Mittelmole Warnemuende,81,0,73,0.0,0.9910147906155677,0.9736295258961443,True
temperature,1,Muehlendamm,84,0,79,0.0,0.9857795547760497,0.97347238394168,True
temperature,1,Neptun-Werft,82,0,75,0.0,0.984130981769225,0.9654791448972485,True
temperature,1,Parkplatz zur Warnow,80,1,71,0.0,0.9687812249012798,0.954276905763888,True
temperature,1,SAB Marina Bramow,84,0,74,0.0,0.9824534291952985,0.9706746055855964,True
temperature,1,Schmarl-Dorf / IGA-Park,78,2,72,0.0,0.9743502631195211,0.958505909227917,True
temperature,1,Schwimmhalle Gehlsdorf,76,0,69,0.0,0.9759769147353758,0.9610354987338915,True
temperature,1,Stadthafen Rostock,81,0,75,0.0,0.9832678628292796,0.9714355082774354,True
temperature,1,Steilkueste Nienhagen,76,1,70,0.0,0.9772009098184676,0.9515257991304585,True
temperature,1,Warnemuende Strand,74,0,68,0.0,0.9733172741798244,0.9533838372879689,True
temperature,2,Boergerende Strand,74,0,67,0.0,0.9639567245442959,0.9011500892621563,True
temperature,2,Diedrichshagen,70,0,65,0.0,0.9568776171243717,0.8983027121609797,True
temperature,2,Elmenhorst Strand,67,2,61,0.0,0.9656585689781325,0.9123727798842545,True
temperature,2,Jemnitzschleuse,76,1,71,0.0,0.9644718899820957,0.9077697113872827,True
temperature,2,Mittelmole Warnemuende,77,1,69,0.0,0.9772308535806904,0.9319305303568142,True
temperature,2,Muehlendamm,81,0,76,0.0,0.9649417904373162,0.9362430128168935,True
temperature,2,Neptun-Werft,79,0,72,0.0,0.9677114885523044,0.9264403354797872,True
temperature,2,Parkplatz zur Warnow,76,2,67,0.0,0.9544702914610683,0.9204164786633305,True
temperature,2,SAB Marina Bramow,81,0,71,0.0,0.9651842151680187,0.937251535959523,True
temperature,2,Schmarl-Dorf / IGA-Park,73,4,68,0.0,0.9618420935917408,0.9369995525865127,True
temperature,2,Schwimmhalle Gehlsdorf,73,1,65,0.0,0.9607120251202194,0.9241865561061017,True
temperature,2,Stadthafen Rostock,78,0,72,0.0,0.9640645335372515,0.9378043074121382,True
temperature,2,Steilkueste Nienhagen,70,2,64,0.0,0.9610015387513813,0.9044131800444467,True
temperature,2,Warnemuende Strand,71,0,66,0.0,0.9573565435763196,0.9049383751152845,True
temperature,3,Boergerende Strand,72,0,65,0.0,0.9497245791554936,0.8613226130931668,True
temperature,3,Diedrichshagen,68,1,63,0.0,0.9411186632814701,0.8390501822901753,True
temperature,3,Elmenhorst Strand,65,3,59,0.0,0.9522024956101717,0.862898731323857,True
temperature,3,Jemnitzschleuse,74,2,69,0.0,0.9502463226416719,0.8708048224177256,True
temperature,3,Mittelmole Warnemuende,74,2,66,0.0,0.9603656920083249,0.8801232391758379,True
temperature,3,Muehlendamm,78,0,73,0.0,0.9418311521079619,0.8862205023142881,True
temperature,3,Neptun-Werft,77,0,70,0.0,0.9504803889362402,0.8907607766837129,True
temperature,3,Parkplatz zur Warnow,73,3,64,0.0,0.9397987279741292,0.8720906012309848,True
temperature,3,SAB Marina Bramow,78,0,68,0.0,0.9436285824431613,0.89357221456307,True
temperature,3,Schmarl-Dorf / IGA-Park,69,6,64,0.0,0.9452044611221898,0.8898663524538405,True
temperature,3,Schwimmhalle Gehlsdorf,71,1,64,0.0,0.9349830667343466,0.8689484010531082,True
temperature,3,Stadthafen Rostock,75,0,69,0.0,0.9409117810793676,0.8892650866361281,True
temperature,3,Steilkueste Nienhagen,67,3,62,0.0,0.948263292887903,0.8574108443592968,True
temperature,3,Warnemuende Strand,69,0,63,0.0,0.9415053823474976,0.8521590587645107,True
salinity,1,Boergerende Strand,79,0,76,0.0,0.5448590398240469,0.6163686600046253,True
salinity,1,Diedrichshagen,75,0,71,0.0,0.47871894646290714,0.5297134281357098,True
salinity,1,Elmenhorst Strand,73,1,65,0.0,0.5374907885700883,0.5892967351724988,True
salinity,1,Jemnitzschleuse,80,1,75,0.0,0.4790192182078467,0.583354334318188,True
salinity,1,Mittelmole Warnemuende,79,0,69,0.0,0.7763062919283868,0.8005879918192441,True
salinity,1,Muehlendamm,82,0,49,0.0,0.9336653187795726,0.903526838920195,True
salinity,1,Neptun-Werft,80,0,75,0.0,0.826293704113996,0.8404090722616189,True
salinity,1,Parkplatz zur Warnow,78,1,75,0.0,0.8063698512219483,0.8266098436946734,True
salinity,1,SAB Marina Bramow,82,0,78,0.0,0.6579836990195819,0.7531428571428572,True
salinity,1,Schmarl-Dorf / IGA-Park,76,2,71,0.0,0.7194828283380355,0.7779631009608174,True
salinity,1,Schwimmhalle Gehlsdorf,76,0,72,0.0,0.7866478555322928,0.7894564147435196,True
salinity,1,Stadthafen Rostock,81,0,75,0.0,0.8572430588486581,0.8070612281771575,True
salinity,1,Steilkueste Nienhagen,76,1,72,0.0,0.5140331066053431,0.5602797126445894,True
salinity,1,Warnemuende Strand,74,0,70,0.0,0.5319042318241,0.6077368522385628,True
salinity,2,Boergerende Strand,74,0,71,0.0,0.45597432517434683,0.46576671307129536,True
salinity,2,Diedrichshagen,70,0,66,0.0,0.4191390875767307,0.3989606481076446,True
salinity,2,Elmenhorst Strand,67,2,59,0.0,0.4407887773336189,0.42416349830969663,True
salinity,2,Jemnitzschleuse,76,1,72,0.0,0.4244814883936906,0.47383244011812314,True
salinity,2,Mittelmole Warnemuende,76,1,66,0.0,0.667715046180911,0.6735376158831733,True
salinity,2,Muehlendamm,79,0,45,0.0,0.9152685000604506,0.9124532437714136,True
salinity,2,Neptun-Werft,78,0,73,0.0,0.8255221213564501,0.8525495105850218,True
salinity,2,Parkplatz zur Warnow,76,1,72,0.0,0.7869627430441766,0.8239138162032099,True
salinity,2,SAB Marina Bramow,79,0,75,0.0,0.62963116871899,0.7279377753974243,True
salinity,2,Schmarl-Dorf / IGA-Park,72,4,68,0.0,0.7613192051430471,0.820314509904811,True
salinity,2,Schwimmhalle Gehlsdorf,74,1,70,0.0,0.7371693819248384,0.7407544543017521,True
salinity,2,Stadthafen Rostock,78,0,72,0.0,0.7884804262697693,0.7564655444968573,True
salinity,2,Steilkueste Nienhagen,70,2,66,0.0,0.41284214849488704,0.40334546478738637,True
salinity,2,Warnemuende Strand,71,0,67,0.0,0.44766449780799317,0.4782597759742437,True
salinity,3,Boergerende Strand,72,0,69,0.0,0.40051232305307616,0.36107761323621634,True
salinity,3,Diedrichshagen,68,1,64,0.0,0.3657206472763064,0.3366768467264746,True
salinity,3,Elmenhorst Strand,65,3,57,0.0,0.36970791855188545,0.3129323819428659,True
salinity,3,Jemnitzschleuse,74,2,69,0.0,0.3145535302185279,0.31831275873411446,True
salinity,3,Mittelmole Warnemuende,72,2,62,0.0,0.6170062368055538,0.5977356245318325,True
salinity,3,Muehlendamm,76,0,42,0.0,0.8669766152467419,0.8788098144619826,True
salinity,3,Neptun-Werft,75,0,70,0.0,0.7606460418046846,0.7953481755459137,True
salinity,3,Parkplatz zur Warnow,72,2,68,0.0,0.7461667343817926,0.7834867548591024,True
salinity,3,SAB Marina Bramow,76,0,72,0.0,0.5821476410668627,0.6728598869518538,True
salinity,3,Schmarl-Dorf / IGA-Park,67,6,63,0.0,0.6602546662203509,0.7232100095785441,True
salinity,3,Schwimmhalle Gehlsdorf,71,1,67,0.0,0.7552108840418029,0.7726464768420701,True
salinity,3,Stadthafen Rostock,75,0,69,0.0,0.7484323232863178,0.7363075084644493,True
salinity,3,Steilkueste Nienhagen,67,3,63,0.0,0.40303711094512346,0.3638377268100128,True
salinity,3,Warnemuende Strand,69,0,65,0.0,0.3812901960966624,0.3521357059339375,True
Chl_a,1,Boergerende Strand,95,0,79,0.0,0.00826774668536337,0.22954910559742442,True
Chl_a,1,Diedrichshagen,97,2,89,0.0,0.23470944887515274,0.2225086051883139,True
Chl_a,1,Elmenhorst Strand,92,2,81,0.0,0.04265993074834984,0.18230196256453998,True
Chl_a,1,Jemnitzschleuse,95,1,83,0.0,0.474321533273298,0.35017849643865046,True
Chl_a,1,Mittelmole Warnemuende,103,1,93,0.0,0.009955842190223578,0.3565144567449899,True
Chl_a,1,Muehlendamm,98,1,85,0.0,0.5693373541901247,0.6332578825008375,True
Chl_a,1,Neptun-Werft,101,1,90,0.0,0.3321095388737274,0.5761597311629801,True
Chl_a,1,Parkplatz zur Warnow,100,0,92,0.0,0.1311762778684216,0.42868801796248385,True
Chl_a,1,SAB Marina Bramow,97,1,87,1.0309278350515463,0.35207938684219564,0.5580337182083585,True
Chl_a,1,Schmarl-Dorf / IGA-Park,99,3,91,0.0,0.027945048277595752,0.45620545170835186,True
Chl_a,1,Schwimmhalle Gehlsdorf,99,1,83,0.0,0.5221142155944329,0.5513650758412204,True
Chl_a,1,Stadthafen Rostock,98,1,93,0.0,0.40210173451064174,0.4167599118893691,True
Chl_a,1,Steilkueste Nienhagen,91,1,82,0.0,-0.06292767140323492,-0.01624174275226598,True
Chl_a,1,Warnemuende Strand,96,1,87,0.0,0.11227909278808398,0.20148615925169747,True
Chl_a,2,Boergerende Strand,94,0,78,0.0,0.030716901477875515,0.15696015029444707,True
Chl_a,2,Diedrichshagen,95,3,88,0.0,0.006652403338480243,0.18363161689052515,True
Chl_a,2,Elmenhorst Strand,91,3,81,0.0,-0.014982993674383785,0.05193600280326198,True
Chl_a,2,Jemnitzschleuse,92,2,79,0.0,0.05824218108047744,0.206490448536924,True
Chl_a,2,Mittelmole Warnemuende,100,2,90,0.0,-0.0010362412610129127,0.3115550448243884,True
Chl_a,2,Muehlendamm,95,3,82,0.0,0.23119695761710357,0.4065683697941891,True
Chl_a,2,Neptun-Werft,98,2,88,0.0,0.33158451953171436,0.6066393771877809,True
Chl_a,2,Parkplatz zur Warnow,97,1,89,0.0,0.1967653516284107,0.378740457772493,True
Chl_a,2,SAB Marina Bramow,94,3,84,1.0638297872340425,0.258077044812234,0.5255411693440838,True
Chl_a,2,Schmarl-Dorf / IGA-Park,94,6,86,0.0,0.09561688103466606,0.39860051443153527,True
Chl_a,2,Schwimmhalle Gehlsdorf,96,2,82,0.0,0.36576849510024123,0.4065337354191115,True
Chl_a,2,Stadthafen Rostock,98,1,93,0.0,0.07079875783939872,0.3052864461313167,True
Chl_a,2,Steilkueste Nienhagen,90,2,81,0.0,0.0964750656348762,0.0814149238748546,True
Chl_a,2,Warnemuende Strand,94,1,85,0.0,-0.066066816303931,0.10005563463480897,True
Chl_a,3,Boergerende Strand,91,0,75,0.0,-0.03549618048239828,-0.10420433096594449,True
Chl_a,3,Diedrichshagen,91,5,85,0.0,-0.040647789277934644,0.18009301288483284,True
Chl_a,3,Elmenhorst Strand,88,5,79,0.0,-0.05211529717630528,-0.01762597530758591,True
Chl_a,3,Jemnitzschleuse,90,3,78,0.0,0.057372385462705136,0.22363004676282683,True
Chl_a,3,Mittelmole Warnemuende,97,3,87,0.0,0.0010324476428411867,0.2933959286982421,True
Chl_a,3,Muehlendamm,92,4,80,0.0,0.2486863049659247,0.3768853128748647,True
Chl_a,3,Neptun-Werft,95,3,85,0.0,0.2927676065284024,0.5187532591190771,True
Chl_a,3,Parkplatz zur Warnow,95,2,87,0.0,0.16701650349296568,0.35322073759710615,True
Chl_a,3,SAB Marina Bramow,91,4,82,1.098901098901099,0.3171682077510301,0.5022218506502218,True
Chl_a,3,Schmarl-Dorf / IGA-Park,89,9,82,0.0,0.003217701060295118,0.3510180976343193,True
Chl_a,3,Schwimmhalle Gehlsdorf,93,3,80,0.0,0.42612749121867116,0.438060063530746,True
Chl_a,3,Stadthafen Rostock,94,2,89,0.0,-0.0390488599478843,0.27492856394744825,True
Chl_a,3,Steilkueste Nienhagen,87,3,78,0.0,0.018187062345143765,0.13664304755103016,True
Chl_a,3,Warnemuende Strand,92,2,84,0.0,-0.07360209455912137,-0.033855852523197394,True
Caffeine,1,Boergerende Strand,88,0,71,0.0,0.3386837188306912,0.4386614644971175,True
Caffeine,1,Diedrichshagen,86,1,68,0.0,0.25981353920341976,0.3848654565743349,True
Caffeine,1,Elmenhorst Strand,90,1,70,0.0,0.25368163037033437,0.4334606866134056,True
Caffeine,1,Jemnitzschleuse,85,1,68,0.0,0.14970141474438148,0.36298598488803346,True
Caffeine,1,Mittelmole Warnemuende,80,1,70,0.0,0.312860340197851,0.661755052281146,True
Caffeine,1,Muehlendamm,86,1,77,0.0,0.6626209016804968,0.6825161695197496,True
Caffeine,1,Neptun-Werft,78,1,68,0.0,0.41678389094744334,0.4803844694958608,True
Caffeine,1,Parkplatz zur Warnow,82,1,76,0.0,0.5079685628411381,0.4570725761078786,True
Caffeine,1,SAB Marina Bramow,86,1,84,0.0,0.4563705284437635,0.5787929391563594,True
Caffeine,1,Schmarl-Dorf / IGA-Park,81,1,76,0.0,0.4972781307768177,0.494520385528827,True
Caffeine,1,Schwimmhalle Gehlsdorf,83,0,75,0.0,0.5386186771474545,0.6275216744670423,True
Caffeine,1,Stadthafen Rostock,86,0,83,0.0,0.5691729556375987,0.6298983418708198,True
Caffeine,1,Steilkueste Nienhagen,88,1,70,0.0,0.16284993121103844,0.3638633701214625,True
Caffeine,1,Warnemuende Strand,86,0,69,0.0,0.23253683186204988,0.511751466284816,True
Caffeine,2,Boergerende Strand,85,0,69,0.0,0.3043703230047788,0.2922457436619168,True
Caffeine,2,Diedrichshagen,81,2,66,0.0,0.2284632461106053,0.4372317596845394,True
Caffeine,2,Elmenhorst Strand,85,2,67,0.0,0.13342644123237118,0.32887450991501843,True
Caffeine,2,Jemnitzschleuse,79,2,64,0.0,0.050709735604305174,0.17403504927795135,True
Caffeine,2,Mittelmole Warnemuende,76,2,67,0.0,0.33529824573860717,0.4602995563501795,True
Caffeine,2,Muehlendamm,81,2,73,0.0,0.6137896081333617,0.6142210226759418,True
Caffeine,2,Neptun-Werft,75,2,67,0.0,0.35695509515194135,0.42313902622260496,True
Caffeine,2,Parkplatz zur Warnow,79,2,72,0.0,0.5215111246047864,0.3943654257043223,True
Caffeine,2,SAB Marina Bramow,81,2,79,0.0,0.2871635788757953,0.4775853113213938,True
Caffeine,2,Schmarl-Dorf / IGA-Park,76,3,73,0.0,0.5064168525216676,0.4449396420905847,True
Caffeine,2,Schwimmhalle Gehlsdorf,80,0,73,0.0,0.47098069409979665,0.5001435948016673,True
Caffeine,2,Stadthafen Rostock,83,0,80,0.0,0.39509425074932786,0.47278852663549853,True
Caffeine,2,Steilkueste Nienhagen,83,2,66,0.0,0.10830471147650646,0.24563678069551512,True
Caffeine,2,Warnemuende Strand,84,0,68,0.0,0.20070413551203087,0.4917082310111903,True
Caffeine,3,Boergerende Strand,81,0,67,0.0,0.5993169684297808,0.279085395484307,True
Caffeine,3,Diedrichshagen,76,3,62,0.0,0.45638556212204895,0.412137123830083,True
Caffeine,3,Elmenhorst Strand,80,3,65,0.0,0.30258287678127027,0.3813691473713319,True
Caffeine,3,Jemnitzschleuse,74,3,60,0.0,0.14331227561194515,-0.00951739053253675,True
Caffeine,3,Mittelmole Warnemuende,71,3,62,0.0,0.2840514075524742,0.39140861487720846,True
Caffeine,3,Muehlendamm,76,3,68,0.0,0.5845464285700664,0.5617048911502882,True
Caffeine,3,Neptun-Werft,68,3,61,0.0,0.35218240972495596,0.4372512527042388,True
Caffeine,3,Parkplatz zur Warnow,73,3,67,0.0,0.359286975695371,0.22857495490154395,True
Caffeine,3,SAB Marina Bramow,76,3,74,0.0,0.3135288187032762,0.4919888445343686,True
Caffeine,3,Schmarl-Dorf / IGA-Park,69,5,65,0.0,0.456627947712199,0.5618645693693077,True
Caffeine,3,Schwimmhalle Gehlsdorf,75,0,68,0.0,0.30219407996788505,0.368854966260071,True
Caffeine,3,Stadthafen Rostock,79,0,77,0.0,0.24027514524017649,0.374763414626243,True
Caffeine,3,Steilkueste Nienhagen,78,3,61,0.0,0.24932253189495945,0.22090875748660868,True
Caffeine,3,Warnemuende Strand,80,0,63,0.0,0.3283502722643217,0.427071548092122,True
Metoprolol,1,Boergerende Strand,88,0,9,89.77272727272727,0.29568064716874787,0.2697512976467217,True
Metoprolol,1,Diedrichshagen,86,1,1,100.0,,,False
Metoprolol,1,Elmenhorst Strand,90,1,1,100.0,,,False
Metoprolol,1,Jemnitzschleuse,85,1,23,74.11764705882354,0.12656680472869597,0.11523372847214243,True
Metoprolol,1,Mittelmole Warnemuende,82,1,2,97.5609756097561,,,False
Metoprolol,1,Muehlendamm,86,1,38,55.81395348837209,0.572430124951756,0.7133321913897451,True
Metoprolol,1,Neptun-Werft,78,1,22,71.7948717948718,0.13064472881186057,0.1413147023838353,True
Metoprolol,1,Parkplatz zur Warnow,82,1,47,40.243902439024396,0.643219654570301,0.5879762560434285,True
Metoprolol,1,SAB Marina Bramow,86,1,68,18.6046511627907,0.23709628827790702,0.4305974972297835,True
Metoprolol,1,Schmarl-Dorf / IGA-Park,81,1,47,38.2716049382716,0.36677603338471293,0.36470052987648066,True
Metoprolol,1,Schwimmhalle Gehlsdorf,83,0,52,37.34939759036144,0.7359447156812694,0.612656664135396,True
Metoprolol,1,Stadthafen Rostock,88,0,37,56.81818181818182,0.6592304230558507,0.6241517543746614,True
Metoprolol,1,Steilkueste Nienhagen,88,1,2,97.72727272727273,,,False
Metoprolol,1,Warnemuende Strand,86,0,1,100.0,,,False
Metoprolol,2,Boergerende Strand,85,0,8,89.41176470588236,0.17763058444715962,0.04066835588842347,True
Metoprolol,2,Diedrichshagen,81,2,1,100.0,,,False
Metoprolol,2,Elmenhorst Strand,85,2,1,100.0,,,False
Metoprolol,2,Jemnitzschleuse,79,2,22,73.41772151898735,-0.05119005954379202,-0.17071299456028538,True
Metoprolol,2,Mittelmole Warnemuende,77,2,2,97.40259740259741,,,False
Metoprolol,2,Muehlendamm,81,2,36,55.55555555555556,0.4990110856444616,0.5838524676878646,True
Metoprolol,2,Neptun-Werft,75,2,21,72.0,-0.07267703751836839,-0.016884531590413945,True
Metoprolol,2,Parkplatz zur Warnow,79,2,45,41.77215189873418,0.5537741051518579,0.5046389150416117,True
Metoprolol,2,SAB Marina Bramow,81,2,65,17.28395061728395,0.5007239845888906,0.45601980039237583,True
Metoprolol,2,Schmarl-Dorf / IGA-Park,76,3,44,39.473684210526315,0.290139021435907,0.30556703297367616,True
Metoprolol,2,Schwimmhalle Gehlsdorf,80,0,49,38.75,0.6796078711631477,0.6283100477817428,True
Metoprolol,2,Stadthafen Rostock,84,0,36,55.952380952380956,0.5374514042126289,0.4630977513747054,True
Metoprolol,2,Steilkueste Nienhagen,83,2,3,97.59036144578313,,,False
Metoprolol,2,Warnemuende Strand,84,0,1,100.0,,,False
Metoprolol,3,Boergerende Strand,81,0,8,88.88888888888889,-0.012589819903671721,0.009154685928887614,True
Metoprolol,3,Diedrichshagen,76,3,1,100.0,,,False
Metoprolol,3,Elmenhorst Strand,80,3,1,100.0,,,False
Metoprolol,3,Jemnitzschleuse,74,3,22,71.62162162162163,0.0477380448569248,0.002410992252054025,True
Metoprolol,3,Mittelmole Warnemuende,72,3,2,98.61111111111111,,,False
Metoprolol,3,Muehlendamm,76,3,36,52.63157894736842,0.4141813332262944,0.5028166501596808,True
Metoprolol,3,Neptun-Werft,68,3,20,70.58823529411765,0.22679702851444192,0.2712473137272219,True
Metoprolol,3,Parkplatz zur Warnow,73,3,41,43.83561643835616,0.4770067070489452,0.4585668863811398,True
Metoprolol,3,SAB Marina Bramow,76,3,60,18.421052631578945,0.3796577115146431,0.5205327005325063,True
Metoprolol,3,Schmarl-Dorf / IGA-Park,69,5,41,36.231884057971016,0.4186760260836947,0.35423248306977756,True
Metoprolol,3,Schwimmhalle Gehlsdorf,75,0,47,37.333333333333336,0.5956884631631192,0.4984777723399847,True
Metoprolol,3,Stadthafen Rostock,80,0,34,56.25,0.5806745560355246,0.4382574353417548,True
Metoprolol,3,Steilkueste Nienhagen,78,3,2,98.71794871794873,,,False
Metoprolol,3,Warnemuende Strand,80,0,1,100.0,,,False
Atrazine,1,Boergerende Strand,88,0,7,90.9090909090909,0.29584762483807847,0.30664093664341624,True
Atrazine,1,Diedrichshagen,86,1,4,88.37209302325581,,,False
Atrazine,1,Elmenhorst Strand,90,1,7,90.0,0.1490573990564313,0.16303148569604348,True
Atrazine,1,Jemnitzschleuse,85,1,4,95.29411764705881,,,False
Atrazine,1,Mittelmole Warnemuende,80,1,5,95.0,0.19048766846313883,0.21031224322103537,True
Atrazine,1,Muehlendamm,86,1,1,100.0,,,False
Atrazine,1,Neptun-Werft,78,1,4,94.87179487179486,,,False
Atrazine,1,Parkplatz zur Warnow,80,1,2,98.75,,,False
Atrazine,1,SAB Marina Bramow,86,1,1,100.0,,,False
Atrazine,1,Schmarl-Dorf / IGA-Park,81,1,2,98.76543209876543,,,False
Atrazine,1,Schwimmhalle Gehlsdorf,81,0,1,100.0,,,False
Atrazine,1,Stadthafen Rostock,86,0,1,100.0,,,False
Atrazine,1,Steilkueste Nienhagen,88,1,6,89.77272727272727,0.5287286190501154,0.5349554693538267,True
Atrazine,1,Warnemuende Strand,86,0,6,94.18604651162791,0.3092844727694093,0.3430455979351878,True
Atrazine,2,Boergerende Strand,85,0,8,89.41176470588236,0.24374349731510597,0.2522578993050541,True
Atrazine,2,Diedrichshagen,81,2,4,87.65432098765432,,,False
Atrazine,2,Elmenhorst Strand,85,2,7,89.41176470588236,0.3499714712608606,0.37547995331490186,True
Atrazine,2,Jemnitzschleuse,79,2,4,94.9367088607595,,,False
Atrazine,2,Mittelmole Warnemuende,76,2,5,94.73684210526315,0.1619862514604428,0.19440387073215262,True
Atrazine,2,Muehlendamm,81,2,1,100.0,,,False
Atrazine,2,Neptun-Werft,75,2,4,94.66666666666667,,,False
Atrazine,2,Parkplatz zur Warnow,77,2,2,98.7012987012987,,,False
Atrazine,2,SAB Marina Bramow,81,2,1,100.0,,,False
Atrazine,2,Schmarl-Dorf / IGA-Park,76,3,2,98.68421052631578,,,False
Atrazine,2,Schwimmhalle Gehlsdorf,78,0,1,100.0,,,False
Atrazine,2,Stadthafen Rostock,83,0,1,100.0,,,False
Atrazine,2,Steilkueste Nienhagen,83,2,6,89.1566265060241,0.25626524071467854,0.2595893903810505,True
Atrazine,2,Warnemuende Strand,84,0,6,94.04761904761905,0.3282345253653322,0.34617700180614086,True
Atrazine,3,Boergerende Strand,81,0,7,88.88888888888889,0.1402962069406555,0.15324738478500222,True
Atrazine,3,Diedrichshagen,76,3,4,86.8421052631579,,,False
Atrazine,3,Elmenhorst Strand,80,3,7,90.0,0.4339013242044916,0.4606569900107332,True
Atrazine,3,Jemnitzschleuse,74,3,3,95.94594594594594,,,False
Atrazine,3,Mittelmole Warnemuende,71,3,4,94.36619718309859,,,False
Atrazine,3,Muehlendamm,76,3,1,100.0,,,False
Atrazine,3,Neptun-Werft,68,3,4,94.11764705882352,,,False
Atrazine,3,Parkplatz zur Warnow,71,3,2,98.59154929577466,,,False
Atrazine,3,SAB Marina Bramow,76,3,1,100.0,,,False
Atrazine,3,Schmarl-Dorf / IGA-Park,69,5,2,98.55072463768117,,,False
Atrazine,3,Schwimmhalle Gehlsdorf,73,0,1,100.0,,,False
Atrazine,3,Stadthafen Rostock,79,0,1,100.0,,,False
Atrazine,3,Steilkueste Nienhagen,78,3,6,88.46153846153845,0.16019507511692033,0.16518003778396725,True
Atrazine,3,Warnemuende Strand,80,0,5,95.0,0.17172481727364552,0.17448081671602433,True
